CNPJ_Companhia;Data_Referencia;Versao;ID_Documento;ID_Capital_Social_Reducao;Tipo_Classe_Acao_Preferencial;Quantidade_Acoes
01.258.945/0001-70;2018-01-01;5;82839;10094;Preferencial Classe B;9831
01.258.945/0001-70;2018-01-01;5;82839;10095;Preferencial Classe A;117102
07.253.321/0001-47;2018-01-01;1;75280;9148;Preferencial Classe A;1
33.352.394/0001-04;2018-01-01;7;81976;9969;Preferencial Classe A;90050693404
62.002.886/0001-60;2018-01-01;13;83309;10130;Preferencial Classe A;2939
62.002.886/0001-60;2018-01-01;13;83309;10130;Preferencial Classe B;419
