CNPJ_Companhia;Data_Referencia;Versao;ID_Documento;Sigla_Classe_Acoes_Preferenciais;Classe_Acoes_Preferenciais;Quantidade_Acoes_Preferenciais_Circulacao;Percentual_Acoes_Preferenciais_Circulacao
00.001.180/0001-26;2018-01-01;23;83958;PNA;Preferencial Classe A;146920;100.000000
00.001.180/0001-26;2018-01-01;23;83958;PNB;Preferencial Classe B;225964766;85.129377
00.070.698/0001-11;2018-01-01;13;83120;PNA;Preferencial Classe A;1313002;100.000000
00.070.698/0001-11;2018-01-01;13;83120;PNB;Preferencial Classe B;1053503;17.798082
00.192.769/0001-59;2018-01-01;1;75436;PNA;Preferencial Classe A;0;0.000000
00.336.701/0001-04;2018-01-01;10;82472;PNA;Preferencial Classe A;10332711;100.000000
00.359.742/0001-08;2018-01-01;5;81590;PNA;Preferencial Classe A;0;0.000000
00.644.907/0001-93;2018-01-01;3;82625;PNA;Preferencial Classe A;16288514;4.240000
00.644.907/0001-93;2018-01-01;3;82625;PNB;Preferencial Classe B;5156240;1.340000
00.644.907/0001-93;2018-01-01;3;82625;PNC;Preferencial Classe C;107199382;27.900000
00.644.907/0001-93;2018-01-01;3;82625;PNR;Preferencial Classe R;255559826;66.520000
00.864.214/0001-06;2018-01-01;16;84470;PNA;Preferencial Classe A;0;0.000000
00.938.574/0001-05;2018-01-01;7;82743;PNA;Preferencial Classe A;37680;100.000000
01.083.200/0001-18;2018-01-01;12;82385;PNA;Preferencial Classe A;0;0.000000
01.104.937/0001-70;2018-01-01;5;82648;PNA;Preferencial Classe A;0;0.000000
01.258.943/0001-81;2018-01-01;6;82842;PNB;Preferencial Classe B;943427;67.000000
01.258.944/0001-26;2018-01-01;3;82149;PNA;Preferencial Classe A;0;0.000000
01.417.222/0001-77;2018-01-01;12;82894;PNA;Preferencial Classe A;1055737;1.286289
01.417.222/0001-77;2018-01-01;12;82894;PNB;Preferencial Classe B;895635;1.286996
01.545.826/0001-07;2018-01-01;37;84037;PNA;Preferencial Classe A;0;0.000000
01.851.771/0001-55;2018-01-01;3;83135;PNA;Preferencial Classe A;0;0.000000
01.938.783/0001-11;2018-01-01;8;82689;PNA;Preferencial Classe A;0;0.000000
02.016.439/0001-38;2018-01-01;3;80084;PNA;Preferencial Classe A;0;0.000000
02.016.440/0001-62;2018-01-01;7;83430;PNA;Preferencial Classe A;0;0.000000
02.062.747/0001-08;2018-01-01;3;83139;PNA;Preferencial Classe A;0;0.000000
02.105.040/0001-23;2018-01-01;11;82232;PNA;Preferencial Classe A;246;0.590651
02.162.616/0001-94;2018-01-01;1;75635;PNA;Preferencial Classe A;0;0.000000
02.201.787/0001-85;2018-01-01;1;75303;PNA;Preferencial Classe A;20;0.000000
02.201.787/0001-85;2018-01-01;1;75303;PNB;Preferencial Classe B;10;0.000000
02.217.319/0001-07;2018-01-01;3;83136;PNA;Preferencial Classe A;0;0.000000
02.281.836/0001-37;2018-01-01;6;82786;PNA;Preferencial Classe A;18686075;0.000000
02.281.836/0001-37;2018-01-01;6;82786;PNB;Preferencial Classe B;7413673;100.000000
02.351.144/0001-18;2018-01-01;10;82555;PNA;Preferencial Classe A;0;0.000000
02.366.097/0001-86;2018-01-01;2;75838;PNA;Preferencial Classe A;0;0.000000
02.382.073/0001-10;2018-01-01;5;80371;PNA;Preferencial Classe A;0;0.000000
02.387.241/0001-60;2018-01-01;6;80298;PNZR;Preferencial Classe ZR;0;0.000000
02.451.848/0001-62;2018-01-01;13;83059;PNA;Preferencial Classe A;0;0.000000
02.502.844/0001-66;2018-01-01;3;82151;PNA;Preferencial Classe A;0;0.000000
02.509.491/0001-26;2018-01-01;5;82428;PNA;Preferencial Classe A;0;0.000000
02.555.926/0001-79;2018-01-01;7;82050;PNA;Preferencial Classe A;0;0.000000
02.591.787/0001-39;2018-01-01;1;78132;PNA;Preferencial Classe A;0;0.000000
02.604.997/0001-14;2018-01-01;2;78350;PNA;Preferencial Classe A;0;0.000000
02.682.287/0001-02;2018-01-01;4;83181;PNA;Preferencial Classe A;0;0.000000
02.724.983/0001-34;2018-01-01;3;80264;PNA;Preferencial Classe A;0;0.000000
02.762.113/0001-50;2018-01-01;4;82633;PNA;Preferencial Classe A;0;0.000000
02.762.113/0001-50;2018-01-01;4;82633;PNB;Preferencial Classe B;0;0.000000
02.796.775/0001-40;2018-01-01;2;78421;PNA;Preferencial Classe A;0;0.000000
02.800.026/0001-40;2018-01-01;14;83961;PNA;Preferencial Classe A;0;0.000000
02.950.811/0001-89;2018-01-01;10;83834;PNA;Preferencial Classe A;0;0.000000
02.992.449/0001-09;2018-01-01;3;83138;PNA;Preferencial Classe A;0;0.000000
02.998.611/0001-04;2018-01-01;18;82415;PNA;Preferencial Classe A;0;0.000000
03.303.999/0001-36;2018-01-01;3;82810;PNA;Preferencial Classe A;0;0.000000
03.758.318/0001-24;2018-01-01;18;84134;PNA;Preferencial Classe A;0;0.000000
03.767.538/0001-14;2018-01-01;3;82631;PNA;Preferencial Classe A;0;0.000000
03.795.050/0001-09;2018-01-01;9;83299;PNA;Preferencial Classe A;0;0.000000
03.847.461/0001-92;2018-01-01;13;83813;PNA;Preferencial Classe A;0;0.000000
03.953.509/0001-47;2018-01-01;6;84021;PNA;Preferencial Classe A;0;0.000000
04.038.763/0001-82;2018-01-01;6;82840;PNB;Preferencial Classe B;1373254;66.600000
04.089.570/0001-50;2018-01-01;8;82630;PNA;Preferencial Classe A;0;0.000000
04.149.454/0001-80;2018-01-01;11;82492;PNA;Preferencial Classe A;0;0.000000
04.172.213/0001-51;2018-01-01;9;83439;PNA;Preferencial Classe A;0;0.000000
04.233.319/0001-18;2018-01-01;5;83173;PNA;Preferencial Classe A;0;0.000000
04.437.534/0001-30;2018-01-01;5;81293;PNA;Preferencial Classe A;0;0.000000
04.895.728/0001-80;2018-01-01;6;83903;PNA;Preferencial Classe A;1820804;0.080000
04.895.728/0001-80;2018-01-01;6;83903;PNB;Preferencial Classe B;1085371;0.050000
04.895.728/0001-80;2018-01-01;6;83903;PNC;Preferencial Classe C;1085346;0.050000
04.912.242/0001-02;2018-01-01;1;75127;PNA;Preferencial Classe A;5535;100.000000
05.336.882/0001-84;2018-01-01;3;80026;PNA;Preferencial Classe A;0;0.000000
06.272.793/0001-84;2018-01-01;6;83793;PNA;Preferencial Classe A;470537;37.970000
06.272.793/0001-84;2018-01-01;6;83793;PNB;Preferencial Classe B;617046;37.955000
06.977.745/0001-91;2018-01-01;10;83216;PNA;Preferencial Classe A;0;0.000000
06.981.176/0001-58;2018-01-01;8;82713;PNA;Preferencial Classe A;0;0.000000
07.043.628/0001-13;2018-01-01;5;82228;PNA;Preferencial Classe A;0;0.000000
07.047.251/0001-70;2018-01-01;7;83094;PNA;Preferencial Classe A;17661680;62.513247
07.047.251/0001-70;2018-01-01;7;83094;PNB;Preferencial Classe B;1534238;99.972372
07.206.816/0001-15;2018-01-01;6;83950;PNA;Preferencial Classe A;0;0.000000
07.253.321/0001-47;2018-01-01;1;75280;PNA;Preferencial Classe A;66000;100.000000
07.275.159/0001-68;2018-01-01;1;73826;PNA;Preferencial Classe A;226530;13.550000
07.275.159/0001-68;2018-01-01;1;73826;PNB;Preferencial Classe B;536835;32.100000
07.275.159/0001-68;2018-01-01;1;73826;PNC;Preferencial Classe C;908881;54.350000
07.628.528/0001-59;2018-06-30;6;78904;PNA;Preferencial Classe A;0;0.000000
07.659.538/0001-51;2018-01-01;1;75067;PNA;Preferencial Classe A;0;100.000000
07.710.591/0001-30;2018-01-01;4;82233;PNA;Preferencial Classe A;0;0.000000
07.857.850/0001-50;2018-01-01;8;83951;PNA;Preferencial Classe A;67484341;100.000000
07.859.971/0001-30;2018-01-01;19;84039;PNA;Preferencial Classe A;437136468;98.724840
07.957.093/0001-96;2018-01-01;7;80884;PNA;Preferencial Classe A;0;0.000000
08.070.508/0001-78;2018-03-31;7;76961;PNA;Preferencial Classe A;0;0.000000
08.070.508/0001-78;2018-03-31;7;76961;PNB;Preferencial Classe B;0;0.000000
08.070.508/0001-78;2018-03-31;7;76961;PND;Preferencial Classe D;0;0.000000
08.312.229/0001-73;2018-01-01;6;83332;PNA;Preferencial Classe A;0;0.000000
08.324.196/0001-81;2018-01-01;10;84098;PNA;Preferencial Classe A;351217;0.916350
08.324.196/0001-81;2018-01-01;10;84098;PNB;Preferencial Classe B;229401;0.598524
08.343.492/0001-20;2018-01-01;14;82419;PNA;Preferencial Classe A;0;0.000000
08.424.178/0001-71;2018-01-01;1;75132;PNA;Preferencial Classe A;28607;27.885000
08.424.178/0001-71;2018-01-01;1;75132;PNB;Preferencial Classe B;14;0.011000
08.424.178/0001-71;2018-01-01;1;75132;PNC;Preferencial Classe C;73969;61.290000
08.439.659/0001-50;2018-01-01;14;83838;PNA;Preferencial Classe A;0;0.000000
08.613.550/0001-98;2018-01-01;13;79535;PNA;Preferencial Classe A;0;0.000000
08.653.753/0001-08;2018-01-01;1;75358;PNA;Preferencial Classe A;0;0.000000
08.684.547/0001-65;2018-01-01;13;80206;PNA;Preferencial Classe A;0;0.000000
08.773.191/0001-36;2018-01-01;5;83450;PNA;Preferencial Classe A;0;0.000000
08.807.432/0001-10;2018-01-01;16;83315;PNA;Preferencial Classe A;0;0.000000
08.827.501/0001-58;2018-01-01;12;82629;PNA;Preferencial Classe A;0;0.000000
08.935.054/0001-50;2018-01-01;3;83882;PNA;Preferencial Classe A;6532211;100.000000
08.935.054/0001-50;2018-01-01;3;83882;PNB;Preferencial Classe B;311344;100.000000
08.937.002/0001-13;2018-01-01;1;75190;PNA;Preferencial Classe A;0;0.000000
09.041.168/0001-10;2018-01-01;14;82682;PNA;Preferencial Classe A;0;0.000000
09.112.685/0001-32;2018-01-01;9;83210;PNA;Preferencial Classe A;0;0.000000
09.116.278/0001-01;2018-01-01;2;76005;PNA;Preferencial Classe A;461266;11.000000
09.116.278/0001-01;2018-01-01;2;76005;PNB;Preferencial Classe B;72447;2.000000
09.116.278/0001-01;2018-01-01;2;76005;PNC;Preferencial Classe C;82043;2.000000
09.116.278/0001-01;2018-01-01;2;76005;PND;Preferencial Classe D;3457776;85.000000
09.288.252/0001-32;2018-01-01;13;82677;PNA;Preferencial Classe A;0;0.000000
09.324.949/0001-11;2018-01-01;9;83117;PNA;Preferencial Classe A;0;0.000000
09.325.109/0001-73;2018-01-01;7;82031;PNA;Preferencial Classe A;0;0.000000
09.336.431/0001-06;2018-01-01;9;82178;PNA;Preferencial Classe A;0;0.000000
09.439.783/0001-89;2018-01-01;1;75559;PNA;Preferencial Classe A;0;0.000000
10.215.988/0001-60;2018-01-01;13;80664;PNA;Preferencial Classe A;0;0.000000
10.324.624/0001-18;2018-01-01;4;83967;PNA;Preferencial Classe A;0;0.000000
10.502.676/0001-37;2018-01-01;1;80633;PNA;Preferencial Classe A;0;0.000000
10.635.691/0001-53;2018-01-01;1;75327;PNA;Preferencial Classe A;0;0.000000
10.835.932/0001-08;2018-01-01;10;84097;PNA;Preferencial Classe A;7102982;93.864723
10.835.932/0001-08;2018-01-01;10;84097;PNB;Preferencial Classe B;342066;46.073156
10.841.050/0001-55;2018-01-01;7;82430;PNA;Preferencial Classe A;0;0.000000
11.257.352/0001-43;2018-01-01;1;75369;PNA;Preferencial Classe A;0;0.000000
11.284.204/0001-18;2018-01-01;3;78915;PNE;Preferencial Classe E;0;0.000000
11.423.623/0001-93;2018-01-01;4;79119;PNA;Preferencial Classe A;0;0.000000
12.979.898/0001-70;2018-01-01;4;79825;PNA;Preferencial Classe A;0;0.000000
13.009.717/0001-46;2018-01-01;15;82140;PNA;Preferencial Classe A;0;0.000000
13.349.677/0001-81;2018-01-01;3;76380;PNA;Preferencial Classe A;0;0.000000
13.483.537/0001-00;2018-01-01;1;75172;PNA;Preferencial Classe A;0;0.000000
13.584.310/0001-42;2018-01-01;3;81264;PNA;Preferencial Classe A;0;0.000000
14.308.514/0001-13;2018-01-01;2;80035;PNA;Preferencial Classe A;8451;100.000000
14.333.683/0001-03;2018-01-01;3;78337;PNA;Preferencial Classe A;0;0.000000
14.388.334/0001-99;2018-01-01;11;82652;PNA;Preferencial Classe A;0;0.000000
14.807.945/0001-24;2018-01-01;3;79547;PNA;Preferencial Classe A;126307;99.880000
14.807.945/0001-24;2018-01-01;3;79547;PNB;Preferencial Classe B;155;0.120000
14.962.356/0001-10;2018-01-01;1;75183;PNA;Preferencial Classe A;0;0.000000
14.998.371/0001-19;2018-01-01;13;82720;PNA;Preferencial Classe A;10334449;99.987064
14.998.371/0001-19;2018-01-01;13;82720;PNB;Preferencial Classe B;1337;0.012936
15.073.274/0001-88;2018-01-01;6;83249;PNA;Preferencial Classe A;28836873;100.000000
15.073.274/0001-88;2018-01-01;6;83249;PNB;Preferencial Classe B;57673746;100.000000
15.073.274/0001-88;2018-01-01;6;83249;PNC;Preferencial Classe C;0;0.000000
15.073.274/0001-88;2018-01-01;6;83249;PND;Preferencial Classe D;0;0.000000
15.115.504/0001-24;2018-01-01;2;76236;PNA;Preferencial Classe A;9873790;65.000000
15.115.504/0001-24;2018-01-01;2;76236;PNB;Preferencial Classe B;5214489;35.000000
15.139.629/0001-94;2018-01-01;8;82460;PNA;Preferencial Classe A;324289;0.116770
15.141.799/0001-03;2018-01-01;3;82572;PNA;Preferencial Classe A;0;0.000000
15.144.017/0001-90;2018-01-01;7;83823;PNA;Preferencial Classe A;1452719;37.831223
15.527.906/0001-36;2018-03-31;11;77199;PNA;Preferencial Classe A;0;0.000000
16.234.171/0001-15;2018-01-01;1;75696;PNA;Preferencial Classe A;87595802;29.590000
16.234.171/0001-15;2018-01-01;1;75696;PNB;Preferencial Classe B;9819517;3.320000
16.234.171/0001-15;2018-01-01;1;75696;PNC;Preferencial Classe C;99970883;33.760000
16.590.234/0001-76;2018-01-01;17;83118;PNA;Preferencial Classe A;0;0.000000
16.670.085/0001-55;2018-01-01;14;84111;PNA;Preferencial Classe A;0;0.000000
17.162.082/0001-73;2018-01-01;3;83293;PNA;Preferencial Classe A;149876;1.453782
17.162.082/0001-73;2018-01-01;3;83293;PNB;Preferencial Classe B;163737;1.588222
17.167.396/0001-69;2018-01-01;2;82576;PNA;Preferencial Classe A;6170845;43.110915
17.167.396/0001-69;2018-01-01;2;82576;PNB;Preferencial Classe B;11685331;47.975728
17.167.412/0001-13;2018-01-01;4;82573;PNA;Preferencial Classe A;19138638;43.293928
17.184.037/0001-10;2018-01-01;16;81444;PNA;Preferencial Classe A;0;0.000000
17.193.806/0001-46;2018-01-01;2;82575;PNA;Preferencial Classe A;90335;54.769729
17.193.806/0001-46;2018-01-01;2;82575;PNB;Preferencial Classe B;1046133;44.893191
17.193.806/0001-46;2018-01-01;2;82575;PNC;Preferencial Classe C;93239;42.407772
17.193.806/0001-46;2018-01-01;2;82575;PND;Preferencial Classe D;795145;38.608324
17.193.806/0001-46;2018-01-01;2;82575;PNE;Preferencial Classe E;2539382;37.568463
17.193.806/0001-46;2018-01-01;2;82575;PNF;Preferencial Classe F;6813988;31.375529
17.234.244/0001-31;2018-01-01;4;82783;PNA;Preferencial Classe A;0;0.000000
18.494.485/0001-82;2018-01-01;5;82008;PNA;Preferencial Classe A;0;0.000000
19.208.022/0001-70;2018-01-01;1;75113;PNA;Preferencial Classe A;0;0.000000
19.726.048/0001-00;2018-01-01;4;83968;PNA;Preferencial Classe A;0;0.000000
21.314.559/0001-66;2018-01-01;11;82651;PNA;Preferencial Classe A;0;0.000000
21.414.457/0001-12;2018-01-01;1;74641;PNA;Preferencial Classe A;0;0.000000
21.610.416/0001-00;2018-01-01;1;75366;PNA;Preferencial Classe A;0;0.000000
22.543.331/0001-00;2018-01-01;7;82893;PNA;Preferencial Classe A;0;0.000000
22.770.366/0001-82;2018-01-01;2;82892;PNA;Preferencial Classe A;792713;5.469319
22.983.283/0001-71;2018-01-01;1;75609;PNA;Preferencial Classe A;0;0.000000
24.962.466/0001-36;2018-01-01;5;82153;PNA;Preferencial Classe A;4324161;6.232496
24.962.466/0001-36;2018-01-01;5;82153;PNB;Preferencial Classe B;737396;14.374917
25.089.509/0001-83;2018-01-01;6;82809;PNA;Preferencial Classe A;0;0.000000
25.089.509/0001-83;2018-01-01;6;82809;PNB;Preferencial Classe B;0;0.000000
27.093.558/0001-15;2018-01-01;16;83932;PNA;Preferencial Classe A;0;0.000000
27.137.879/0001-74;2018-01-01;1;75636;PNA;Preferencial Classe A;0;0.000000
27.956.690/0001-03;2018-01-01;1;75170;PNA;Preferencial Classe A;0;0.000000
28.195.667/0001-06;2018-01-01;19;83859;PNA;Preferencial Classe A;0;0.000000
30.540.991/0001-66;2018-01-01;5;75858;PNA;Preferencial Classe A;0;0.000000
33.035.536/0001-00;2018-01-01;3;76839;PNA;Preferencial Classe A;0;0.000000
33.040.601/0001-87;2018-01-01;5;82517;PNA;Preferencial Classe A;0;0.000000
33.050.196/0001-88;2018-01-01;6;83436;PNA;Preferencial Classe A;0;0.000000
33.050.196/0001-88;2018-01-01;6;83436;PNB;Preferencial Classe B;0;0.000000
33.050.196/0001-88;2018-01-01;6;83436;PNC;Preferencial Classe C;0;0.000000
33.102.476/0001-92;2018-01-01;2;79799;PNA;Preferencial Classe A;0;0.000000
33.200.049/0001-47;2018-01-01;5;82990;PNA;Preferencial Classe A;0;0.000000
33.352.394/0001-04;2018-01-01;7;81976;PNA;Preferencial Classe A;0;0.000000
33.386.210/0001-19;2018-01-01;5;84068;PNA;Preferencial Classe A;555719;70.830000
33.386.210/0001-19;2018-01-01;5;84068;PNB;Preferencial Classe B;307725;37.650000
33.541.368/0001-16;2018-01-01;6;83254;PNA;Preferencial Classe A;0;0.000000
33.592.510/0001-54;2018-01-01;19;83476;PNE;Preferencial Classe E;0;0.000000
33.611.500/0001-19;2018-01-01;11;83979;PNA;Preferencial Classe A;0;0.000000
33.958.695/0001-78;2018-01-01;16;83931;PNA;Preferencial Classe A;1783940;3.133090
33.958.695/0001-78;2018-01-01;16;83931;PNB;Preferencial Classe B;42558262;74.744019
34.169.557/0001-72;2018-01-01;4;81514;PNA;Preferencial Classe A;0;0.000000
34.265.561/0001-34;2018-01-01;1;74918;PNA;Preferencial Classe A;0;0.000000
35.791.391/0001-94;2018-01-01;5;83806;PNA;Preferencial Classe A;0;0.000000
39.115.514/0001-28;2018-01-01;4;82152;PNA;Preferencial Classe A;0;0.000000
42.150.391/0001-70;2018-01-01;15;83876;PNA;Preferencial Classe A;264632416;76.700000
42.150.391/0001-70;2018-01-01;15;83876;PNB;Preferencial Classe B;500230;100.000000
42.331.462/0001-31;2018-01-01;4;83810;PNA;Preferencial Classe A;0;0.000000
45.987.245/0001-92;2018-01-01;4;82752;PNA;Preferencial Classe A;0;0.000000
46.119.855/0001-37;2018-01-01;7;80430;PNA;Preferencial Classe A;0;0.000000
47.509.120/0001-82;2018-01-01;8;83171;PNA;Preferencial Classe A;0;0.000000
51.928.174/0001-50;2018-01-01;12;82606;PNA;Preferencial Classe A;0;0.000000
52.548.435/0001-79;2018-01-01;13;82876;PNA;Preferencial Classe A;0;0.000000
56.643.018/0001-66;2018-01-01;2;78356;PNA;Preferencial Classe A;56493469;92.100000
56.992.423/0001-90;2018-01-01;1;73997;PNA;Preferencial Classe A;0;0.000000
58.119.199/0001-51;2018-01-01;15;82977;PNA;Preferencial Classe A;0;0.000000
59.285.411/0001-13;2018-01-01;20;83983;PNA;Preferencial Classe A;0;0.000000
59.789.545/0001-71;2018-01-01;2;83828;PNA;Preferencial Classe A;0;0.000000
60.476.884/0001-87;2018-01-01;6;82967;PNA;Preferencial Classe A;0;0.000000
60.543.816/0001-93;2018-01-01;7;83422;PNA;Preferencial Classe A;0;0.000000
60.637.238/0001-54;2018-01-01;6;108428;PNA;Preferencial Classe A;90435;100.000000
60.643.228/0001-21;2018-01-01;9;80288;PNA;Preferencial Classe A;0;0.000000
60.730.348/0001-66;2018-01-01;3;82945;PNA;Preferencial Classe A;425497;55.020000
60.770.336/0001-65;2018-01-01;9;82787;PNA;Preferencial Classe A;12754380;36.318138
60.851.615/0001-53;2018-01-01;8;84048;PNA;Preferencial Classe A;974400;89.560000
60.894.730/0001-05;2018-01-01;11;83832;PNA;Preferencial Classe A;513631763;93.760000
60.894.730/0001-05;2018-01-01;11;83832;PNB;Preferencial Classe B;66261;100.000000
60.933.603/0001-78;2018-01-01;31;84103;PNA;Preferencial Classe A;7386323;100.000000
60.933.603/0001-78;2018-01-01;31;84103;PNB;Preferencial Classe B;182017720;86.290000
61.024.352/0001-71;2018-01-01;10;82059;PNA;Preferencial Classe A;2519484;67.196812
61.079.117/0001-05;2018-01-01;10;82237;PNA;Preferencial Classe A;0;0.000000
61.082.004/0001-50;2018-01-01;4;83160;PNA;Preferencial Classe A;538886;97.424132
61.088.894/0001-08;2018-01-01;3;82690;PNA;Preferencial Classe A;0;0.000000
61.156.113/0001-75;2018-01-01;14;83032;PNA;Preferencial Classe A;0;0.000000
61.186.680/0001-74;2018-01-01;5;82165;PNA;Preferencial Classe A;0;0.000000
61.486.650/0001-83;2018-01-01;10;84012;PNA;Preferencial Classe A;0;0.000000
61.856.571/0001-17;2018-01-01;13;82856;PNA;Preferencial Classe A;4069930;14.255312
62.002.886/0001-60;2018-01-01;13;83309;PNA;Preferencial Classe A;44375;0.589924
62.002.886/0001-60;2018-01-01;13;83309;PNB;Preferencial Classe B;62774;0.834522
62.144.175/0001-20;2018-01-01;12;83211;PNA;Preferencial Classe A;0;0.000000
62.232.889/0001-90;2018-01-01;4;79798;PNA;Preferencial Classe A;0;0.000000
65.654.303/0001-73;2018-01-01;6;83204;PNA;Preferencial Classe A;0;0.000000
67.010.660/0001-24;2018-01-01;7;83869;PNA;Preferencial Classe A;0;0.000000
67.620.377/0001-14;2018-01-01;16;83836;PNA;Preferencial Classe A;0;0.000000
69.720.910/0001-45;2018-01-01;2;76203;PNA;Preferencial Classe A;0;0.000000
73.178.600/0001-18;2018-01-01;9;82931;PNA;Preferencial Classe A;0;0.000000
74.409.467/0001-26;2018-01-01;2;82869;PNA;Preferencial Classe A;0;0.000000
76.483.817/0001-20;2018-01-01;12;83075;PNA;Preferencial Classe A;328627;100.000000
76.483.817/0001-20;2018-01-01;12;83075;PNB;Preferencial Classe B;101013662;78.735053
76.535.764/0001-43;2018-01-01;28;82968;PNA;Preferencial Classe A;0;0.000000
82.508.433/0001-17;2018-01-01;11;84065;PNA;Preferencial Classe A;16133;0.004512
82.640.632/0001-84;2018-01-01;3;78178;PNA;Preferencial Classe A;0;0.000000
82.641.325/0001-18;2018-01-01;4;79499;PNA;Preferencial Classe A;0;0.000000
82.643.537/0001-34;2018-01-01;4;75517;PNA;Preferencial Classe A;12750000;56.666667
82.981.929/0001-03;2018-01-01;1;75935;PNA;Preferencial Classe A;0;0.000000
84.683.408/0001-03;2018-01-01;3;82763;PNA;Preferencial Classe A;0;0.000000
84.693.183/0001-68;2018-01-01;3;82129;PNU;Preferencial Classe U;42124910;82.322640
85.041.333/0001-11;2018-01-01;1;75378;PNA;Preferencial Classe A;0;0.000000
85.778.074/0001-06;2018-01-01;1;74446;PNA;Preferencial Classe A;139898;100.000000
86.375.425/0001-09;2018-01-01;2;82618;PNA;Preferencial Classe A;0;0.000000
87.043.832/0001-73;2018-01-01;3;82692;PNA;Preferencial Classe A;0;0.000000
87.762.563/0001-03;2018-01-01;7;82646;PNA;Preferencial Classe A;3826275;63.974650
88.613.658/0001-10;2018-06-30;3;79213;PNA;Preferencial Classe A;31565640;100.000000
89.086.144/0001-16;2018-01-01;10;82970;PNA;Preferencial Classe A;0;0.000000
89.463.822/0001-12;2018-01-01;8;83904;PNA;Preferencial Classe A;0;0.000000
89.637.490/0001-45;2018-01-01;10;82632;PNA;Preferencial Classe A;0;0.000000
90.400.888/0001-42;2018-01-01;22;84038;PNA;Preferencial Classe A;0;0.000000
90.441.460/0001-48;2018-01-01;7;83113;PNA;Preferencial Classe A;0;0.000000
92.012.467/0001-70;2018-01-01;7;82788;PNA;Preferencial Classe A;0;0.000000
92.660.570/0001-26;2018-01-01;2;83166;PNA;Preferencial Classe A;0;0.000000
92.693.019/0001-89;2018-01-01;4;82105;PNA;Preferencial Classe A;0;0.000000
92.702.067/0001-96;2018-01-01;29;82756;PNA;Preferencial Classe A;627814;45.510000
92.702.067/0001-96;2018-01-01;29;82756;PNB;Preferencial Classe B;202532835;100.000000
92.715.812/0001-31;2018-01-01;11;82877;PNA;Preferencial Classe A;0;0.000000
92.754.738/0001-62;2018-01-01;11;82716;PNA;Preferencial Classe A;0;0.000000
92.929.520/0001-00;2018-01-01;4;83132;PNA;Preferencial Classe A;165472;32.297806
92.929.520/0001-00;2018-01-01;4;83132;PNB;Preferencial Classe B;33893;26.461747
92.934.215/0001-06;2018-01-01;5;84023;PNA;Preferencial Classe A;0;0.000000
97.191.902/0001-94;2018-01-01;3;83123;PNA;Preferencial Classe A;0;0.000000
