CNPJ_Companhia;Data_Referencia;Versao;ID_Documento;Sigla_Classe_Acoes_Preferenciais;Classe_Acoes_Preferenciais;Quantidade_Acoes_Preferenciais_Circulacao;Percentual_Acoes_Preferenciais_Circulacao
00.001.180/0001-26;2011-01-01;14;18280;PNA;Preferencial Classe A;146920;0.055320
00.001.180/0001-26;2011-01-01;14;18280;PNB;Preferencial Classe B;219264510;82.559444
00.070.698/0001-11;2011-01-01;3;16893;PNA;Preferencial Classe A;1313002;14.297468
00.070.698/0001-11;2011-01-01;3;16893;PNB;Preferencial Classe B;1030258;11.218628
00.257.846/0001-01;2011-01-01;2;10128;PNA;Preferencial Classe A;0;0.000000
00.336.701/0001-04;2011-01-01;19;16145;PNA;Preferencial Classe A;0;0.000000
00.359.742/0001-08;2011-01-01;1;9758;PNA;Preferencial Classe A;0;0.000000
00.545.378/0001-70;2011-01-01;2;11606;PNA;Preferencial Classe A;0;0.000000
00.644.907/0001-93;2011-01-01;6;17238;PNA;Preferencial Classe A;8281000;10.410000
00.644.907/0001-93;2011-01-01;6;17238;PNC;Preferencial Classe C;71252174;89.590000
00.866.577/0001-80;2011-01-01;6;13879;PNA;Preferencial Classe A;0;0.000000
00.897.864/0001-58;2011-01-01;1;8013;PNA;Preferencial Classe A;0;0.000000
00.938.574/0001-05;2011-01-01;4;16800;PNA;Preferencial Classe A;34134;100.000000
01.104.937/0001-70;2011-01-01;6;16984;PNA;Preferencial Classe A;0;0.000000
01.258.945/0001-70;2011-01-01;2;17079;PNA;Preferencial Classe A;0;0.000000
01.417.222/0001-77;2011-01-01;12;17114;PNA;Preferencial Classe A;82076174;24.140000
01.417.222/0001-77;2011-01-01;12;17114;PNB;Preferencial Classe B;69591139;20.470000
01.545.826/0001-07;2011-01-01;15;18250;PNA;Preferencial Classe A;0;0.000000
01.547.749/0001-16;2011-01-01;3;10023;PNA;Preferencial Classe A;0;0.000000
01.616.929/0001-02;2011-01-01;1;9412;PNA;Preferencial Classe A;11396;0.002902
01.654.604/0001-14;2011-01-01;2;15743;PNA;Preferencial Classe A;44866625;66.666666
01.685.903/0001-16;2011-01-01;8;17026;PNA;Preferencial Classe A;177381166;37.593620
01.685.903/0001-16;2011-01-01;8;17026;PNB;Preferencial Classe B;132689911;37.593612
01.832.635/0001-18;2011-01-01;3;13765;PNA;Preferencial Classe A;0;0.000000
01.858.774/0001-10;2011-01-01;5;15086;PNA;Preferencial Classe A;0;0.000000
02.016.440/0001-62;2011-01-01;8;18023;PNA;Preferencial Classe A;0;0.000000
02.062.747/0001-08;2011-01-01;4;16769;PNA;Preferencial Classe A;0;0.000000
02.193.750/0001-52;2011-01-01;3;13081;PNA;Preferencial Classe A;0;0.000000
02.201.787/0001-85;2011-01-01;1;8777;PNA;Preferencial Classe A;20;0.000000
02.201.787/0001-85;2011-01-01;1;8777;PNB;Preferencial Classe B;10;0.000000
02.221.531/0001-30;2011-01-01;6;13429;PNA;Preferencial Classe A;1433066666;100.000000
02.225.714/0001-23;2011-01-01;2;11818;PNA;Preferencial Classe A;194196520;99.990000
02.225.714/0001-23;2011-01-01;2;11818;PNB;Preferencial Classe B;12500;0.010000
02.291.077/0001-93;2011-01-01;3;10264;PNA;Preferencial Classe A;0;0.000000
02.366.097/0001-86;2011-01-01;7;16746;PNA;Preferencial Classe A;0;0.000000
02.387.241/0001-60;2011-01-01;21;17407;PNA;Preferencial Classe A;0;0.000000
02.390.206/0001-09;2011-01-01;2;16760;PNA;Preferencial Classe A;0;0.000000
02.429.144/0001-93;2011-01-01;15;16314;PNA;Preferencial Classe A;0;0.000000
02.451.848/0001-62;2011-01-01;8;16352;PNA;Preferencial Classe A;0;0.000000
02.509.491/0001-26;2011-01-01;3;17937;PNA;Preferencial Classe A;0;0.000000
02.555.926/0001-79;2011-01-01;8;16779;PNA;Preferencial Classe A;0;0.000000
02.604.997/0001-14;2011-01-01;2;17299;PNA;Preferencial Classe A;0;0.000000
02.724.983/0001-34;2011-01-01;3;12007;PNA;Preferencial Classe A;0;0.000000
02.773.542/0001-22;2011-01-01;4;13925;PNA;Preferencial Classe A;0;0.000000
02.808.708/0001-07;2011-01-01;7;17128;PNA;Preferencial Classe A;0;0.000000
02.950.811/0001-89;2011-01-01;13;16198;PNA;Preferencial Classe A;0;0.000000
02.998.611/0001-04;2011-01-01;12;16435;PNA;Preferencial Classe A;0;0.000000
03.076.274/0001-52;2011-01-01;1;8475;PNA;Preferencial Classe A;0;0.000000
03.468.802/0001-19;2011-01-01;1;9685;PNA;Preferencial Classe A;777207;100.000000
03.795.050/0001-09;2011-01-01;6;16496;PNA;Preferencial Classe A;0;0.000000
04.038.763/0001-82;2011-01-01;2;17126;PNA;Preferencial Classe A;0;0.000000
04.172.213/0001-51;2011-01-01;9;16315;PNA;Preferencial Classe A;0;0.000000
04.370.450/0001-27;2011-01-01;4;16093;PNA;Preferencial Classe A;0;0.000000
04.437.534/0001-30;2011-01-01;11;18194;PNA;Preferencial Classe A;0;0.000000
04.821.041/0001-08;2011-01-01;8;18120;PNA;Preferencial Classe A;0;0.000000
04.895.728/0001-80;2011-01-01;5;18300;PNA;Preferencial Classe A;1591558;72.150000
04.895.728/0001-80;2011-01-01;5;18300;PNB;Preferencial Classe B;10737;0.480000
04.895.728/0001-80;2011-01-01;5;18300;PNC;Preferencial Classe C;603660;27.370000
04.912.242/0001-02;2011-01-01;1;8750;PNA;Preferencial Classe A;5535;100.000000
05.336.882/0001-84;2011-01-01;2;13446;PNA;Preferencial Classe A;0;0.000000
05.721.582/0001-19;2011-01-01;1;9013;PNA;Preferencial Classe A;0;0.000000
05.918.309/0001-89;2011-01-01;2;16982;PNA;Preferencial Classe A;0;0.000000
06.018.000/0001-03;2011-01-01;3;16581;PNA;Preferencial Classe A;0;0.000000
06.082.980/0001-03;2011-01-01;9;18211;PNA;Preferencial Classe A;0;0.000000
06.272.793/0001-84;2011-01-01;7;15158;PNA;Preferencial Classe A;470536;37.970000
06.272.793/0001-84;2011-01-01;7;15158;PNB;Preferencial Classe B;617046;37.955000
06.349.242/0001-71;2011-01-01;4;16091;PNA;Preferencial Classe A;0;0.000000
06.977.751/0001-49;2011-01-01;20;16408;PNA;Preferencial Classe A;0;0.000000
07.021.459/0001-10;2011-01-01;11;17289;PNA;Preferencial Classe A;0;0.000000
07.047.251/0001-70;2011-01-01;6;16934;PNA;Preferencial Classe A;26399464;93.720000
07.047.251/0001-70;2011-01-01;6;16934;PNB;Preferencial Classe B;1617898;100.000000
07.253.321/0001-47;2011-01-01;1;9571;PNA;Preferencial Classe A;66000;100.000000
07.275.159/0001-68;2011-01-01;3;15519;PNA;Preferencial Classe A;226530;13.550000
07.275.159/0001-68;2011-01-01;3;15519;PNB;Preferencial Classe B;536835;32.100000
07.275.159/0001-68;2011-01-01;3;15519;PNC;Preferencial Classe C;908881;54.350000
07.281.413/0001-30;2011-01-01;1;8611;PNA;Preferencial Classe A;3992487;0.585112
07.281.413/0001-30;2011-01-01;1;8611;PNB;Preferencial Classe B;593549;0.086987
07.281.413/0001-30;2011-01-01;1;8611;PNC;Preferencial Classe C;2237418;0.327901
07.332.190/0001-93;2011-01-01;4;17068;PNA;Preferencial Classe A;181179;23.470000
07.332.190/0001-93;2011-01-01;4;17068;PNB;Preferencial Classe B;219028;1.120000
07.620.094/0001-40;2011-01-01;8;18359;PNA;Preferencial Classe A;1955755;10.393149
07.620.094/0001-40;2011-01-01;8;18359;PNB;Preferencial Classe B;5931526;31.520939
07.628.528/0001-59;2011-06-30;8;12464;PNA;Preferencial Classe A;0;0.000000
07.659.538/0001-51;2011-01-01;1;8891;PNB;Preferencial Classe B;0;0.000000
07.710.591/0001-30;2011-01-01;3;16365;PNA;Preferencial Classe A;0;0.000000
07.825.881/0001-29;2011-01-01;2;13443;PNA;Preferencial Classe A;0;0.000000
07.857.850/0001-50;2011-01-01;7;16166;PNA;Preferencial Classe A;114704259;87.540000
08.253.728/0001-37;2011-01-01;1;8490;PNA;Preferencial Classe A;0;0.000000
08.324.196/0001-81;2011-01-01;9;16340;PNA;Preferencial Classe A;20606128;53.760000
08.324.196/0001-81;2011-01-01;9;16340;PNB;Preferencial Classe B;17721681;46.240000
08.343.492/0001-20;2011-01-01;15;14668;PNA;Preferencial Classe A;0;0.000000
08.402.943/0001-52;2011-01-01;2;13294;PNA;Preferencial Classe A;3205394;10.270000
08.424.178/0001-71;2011-01-01;1;8047;PNA;Preferencial Classe A;286075;27.900000
08.424.178/0001-71;2011-01-01;1;8047;PNB;Preferencial Classe B;137;0.000001
08.424.178/0001-71;2011-01-01;1;8047;PNC;Preferencial Classe C;739685;61.288888
08.467.115/0001-00;2011-01-01;5;16698;PNA;Preferencial Classe A;0;0.000000
08.613.550/0001-98;2011-01-01;10;16927;PNA;Preferencial Classe A;0;0.000000
08.653.753/0001-08;2011-01-01;3;17324;PNA;Preferencial Classe A;0;0.000000
08.807.432/0001-10;2011-01-01;18;16523;PNA;Preferencial Classe A;0;0.000000
08.835.366/0001-92;2011-01-01;8;17469;PNA;Preferencial Classe A;0;0.000000
08.884.213/0001-35;2011-01-01;10;17048;PNA;Preferencial Classe A;0;0.000000
08.887.330/0001-52;2011-03-31;3;9949;PNB;Preferencial Classe B;0;0.000000
08.904.552/0001-36;2011-01-01;11;17505;PNA;Preferencial Classe A;366965498;98.500000
08.935.054/0001-50;2011-01-01;5;16650;PNA;Preferencial Classe A;497768;22.373928
08.937.002/0001-13;2011-01-01;3;13114;PNA;Preferencial Classe A;0;0.000000
09.074.183/0001-64;2011-01-01;2;10258;PNA;Preferencial Classe A;0;0.000000
09.112.685/0001-32;2011-01-01;16;17282;PNA;Preferencial Classe A;0;0.000000
09.116.278/0001-01;2011-01-01;1;8772;PNA;Preferencial Classe A;461266;11.000000
09.116.278/0001-01;2011-01-01;1;8772;PNB;Preferencial Classe B;72447;2.000000
09.116.278/0001-01;2011-01-01;1;8772;PNC;Preferencial Classe C;82043;2.000000
09.116.278/0001-01;2011-01-01;1;8772;PND;Preferencial Classe D;3457776;85.000000
09.191.251/0001-75;2011-01-01;5;17269;PNA;Preferencial Classe A;0;0.000000
09.257.877/0001-37;2011-01-01;3;12121;PNA;Preferencial Classe A;0;0.000000
09.324.949/0001-11;2011-01-01;4;16743;PNA;Preferencial Classe A;0;0.000000
09.325.109/0001-73;2011-01-01;4;16792;PNA;Preferencial Classe A;0;0.000000
09.336.431/0001-06;2011-01-01;4;16856;PNA;Preferencial Classe A;0;0.000000
09.337.210/0001-44;2011-01-01;3;10007;PNA;Preferencial Classe A;573445;58.508288
09.337.210/0001-44;2011-01-01;3;10007;PNB;Preferencial Classe B;85279;8.700971
09.337.210/0001-44;2011-01-01;3;10007;PNC;Preferencial Classe C;321385;32.790741
09.462.850/0001-86;2011-01-01;1;9365;PNA;Preferencial Classe A;0;0.000000
09.594.796/0001-22;2011-01-01;1;8837;PNA;Preferencial Classe A;0;0.000000
10.531.501/0001-58;2011-01-01;8;11859;PNA;Preferencial Classe A;408118585;100.000000
10.753.164/0001-43;2011-01-01;3;13685;PNA;Preferencial Classe A;0;0.000000
10.826.798/0001-89;2011-01-01;2;10271;PNA;Preferencial Classe A;0;0.000000
10.835.932/0001-08;2011-01-01;10;16399;PNA;Preferencial Classe A;7102982;95.405456
10.835.932/0001-08;2011-01-01;10;16399;PNB;Preferencial Classe B;342066;4.594544
10.841.050/0001-55;2011-01-01;3;17935;PNA;Preferencial Classe A;0;0.000000
10.847.761/0001-37;2011-01-01;7;17368;PNA;Preferencial Classe A;0;0.000000
11.094.546/0001-75;2011-01-01;9;16708;PNA;Preferencial Classe A;0;0.000000
11.395.624/0001-71;2011-01-01;15;16563;PNA;Preferencial Classe A;0;0.000000
11.423.623/0001-93;2011-01-01;7;15773;PNA;Preferencial Classe A;0;0.000000
11.566.501/0001-56;2011-03-31;4;10554;PNA;Preferencial Classe A;0;0.000000
11.992.680/0001-93;2011-01-01;14;17956;PNA;Preferencial Classe A;0;0.000000
12.130.744/0001-00;2011-01-01;1;8451;PNA;Preferencial Classe A;0;0.000000
12.498.904/0001-78;2011-01-01;3;11371;PNA;Preferencial Classe A;0;0.000000
13.407.617/0001-78;2011-01-01;1;13296;PNA;Preferencial Classe A;0;0.000000
13.608.583/0001-80;2011-01-01;6;14285;PNA;Preferencial Classe A;0;0.000000
13.776.362/0001-10;2011-01-01;5;19498;PNA;Preferencial Classe A;0;0.000000
14.308.514/0001-13;2011-01-01;3;9151;PNA;Preferencial Classe A;11416;100.000000
14.998.371/0001-19;2011-01-01;4;16689;PNA;Preferencial Classe A;10334449;99.987064
14.998.371/0001-19;2011-01-01;4;16689;PNB;Preferencial Classe B;1337;0.012936
15.115.504/0001-24;2011-01-01;6;13236;PNA;Preferencial Classe A;369495375;37.000000
15.115.504/0001-24;2011-01-01;6;13236;PNB;Preferencial Classe B;280779240;54.000000
15.139.629/0001-94;2011-01-01;8;16300;PNA;Preferencial Classe A;305419;0.162304
15.144.017/0001-90;2011-01-01;2;9053;PNA;Preferencial Classe A;1288304;33.550000
16.234.171/0001-15;2011-01-01;2;13104;PNA;Preferencial Classe A;87595802;29.590000
16.234.171/0001-15;2011-01-01;2;13104;PNB;Preferencial Classe B;9819517;3.320000
16.234.171/0001-15;2011-01-01;2;13104;PNC;Preferencial Classe C;99970883;33.760000
16.404.287/0001-55;2011-01-01;12;16990;PNA;Preferencial Classe A;185560042;69.520000
16.404.287/0001-55;2011-01-01;12;16990;PNB;Preferencial Classe B;10339;0.540000
16.590.234/0001-76;2011-01-01;9;16048;PNA;Preferencial Classe A;0;0.000000
16.614.075/0001-00;2011-01-01;13;17336;PNA;Preferencial Classe A;0;0.000000
17.162.082/0001-73;2011-01-01;3;17244;PNA;Preferencial Classe A;149757;1.452627
17.162.082/0001-73;2011-01-01;3;17244;PNB;Preferencial Classe B;163736;1.588222
17.167.396/0001-69;2011-01-01;3;45888;PNA;Preferencial Classe A;7457968;34.823117
17.167.396/0001-69;2011-01-01;3;45888;PNB;Preferencial Classe B;13958748;65.176883
17.167.412/0001-13;2011-01-01;4;45834;PNA;Preferencial Classe A;22501402;100.000000
17.193.806/0001-46;2011-01-01;5;45887;PNA;Preferencial Classe A;90209;0.710936
17.193.806/0001-46;2011-01-01;5;45887;PNB;Preferencial Classe B;1184013;9.331190
17.193.806/0001-46;2011-01-01;5;45887;PNC;Preferencial Classe C;100672;0.794104
17.193.806/0001-46;2011-01-01;5;45887;PND;Preferencial Classe D;806884;6.359041
17.193.806/0001-46;2011-01-01;5;45887;PNE;Preferencial Classe E;2722317;21.454542
17.193.806/0001-46;2011-01-01;5;45887;PNF;Preferencial Classe F;7784673;61.350897
20.933.354/0001-04;2011-01-01;1;9014;PNA;Preferencial Classe A;0;0.000000
22.770.366/0001-82;2011-01-01;12;13878;PNA;Preferencial Classe A;404383086677;63.489780
24.956.666/0001-86;2011-01-01;4;13130;PNA;Preferencial Classe A;241358;0.150000
24.962.466/0001-36;2011-01-01;4;14946;PNA;Preferencial Classe A;11597219;1.639083
24.962.466/0001-36;2011-01-01;4;14946;PNB;Preferencial Classe B;5129741;0.725008
28.573.830/0001-27;2011-01-01;1;20309;PNA;Preferencial Classe A;0;0.000000
29.388.352/0001-48;2011-01-01;2;11329;PNA;Preferencial Classe A;112000000;100.000000
30.540.991/0001-66;2011-01-01;1;8418;PNA;Preferencial Classe A;0;0.000000
31.895.683/0001-16;2011-01-01;3;13728;PNA;Preferencial Classe A;0;0.000000
33.000.118/0001-79;2011-01-01;15;16948;PNA;Preferencial Classe A;0;0.000000
33.000.118/0001-79;2011-01-01;15;16948;PNB;Preferencial Classe B;0;0.000000
33.009.911/0001-39;2011-01-01;9;16174;PNA;Preferencial Classe A;0;0.000000
33.040.601/0001-87;2011-01-01;7;16602;PNA;Preferencial Classe A;0;0.000000
33.041.260/0652-90;2011-01-01;7;17314;PNA;Preferencial Classe A;0;0.000000
33.050.196/0001-88;2011-01-01;8;16316;PNA;Preferencial Classe A;5542051;4.950000
33.050.196/0001-88;2011-01-01;8;16316;PNB;Preferencial Classe B;41959725;37.490000
33.050.196/0001-88;2011-01-01;8;16316;PNC;Preferencial Classe C;64408668;57.550000
33.102.476/0001-92;2011-01-01;6;18169;PNA;Preferencial Classe A;0;0.000000
33.111.246/0001-90;2011-01-01;1;9125;PNA;Preferencial Classe A;0;0.000000
33.113.309/0001-47;2011-01-01;11;26052;PNA;Preferencial Classe A;0;0.000000
33.147.315/0001-15;2011-01-01;4;17301;PNA;Preferencial Classe A;0;0.000000
33.200.049/0001-47;2011-01-01;2;10434;PNA;Preferencial Classe A;78944947;42.970000
33.228.024/0001-51;2011-01-01;3;18035;PNA;Preferencial Classe A;0;0.000000
33.352.394/0001-04;2011-01-01;5;16208;PNA;Preferencial Classe A;0;0.000000
33.386.210/0001-19;2011-01-01;5;17207;PNA;Preferencial Classe A;651220;76.070000
33.386.210/0001-19;2011-01-01;5;17207;PNB;Preferencial Classe B;353526;41.290000
33.412.081/0001-96;2011-01-01;11;16180;PNA;Preferencial Classe A;0;0.000000
33.541.368/0001-16;2011-01-01;8;17086;PNA;Preferencial Classe A;0;0.000000
33.592.510/0001-54;2011-01-01;10;18068;PNA;Preferencial Classe A;1841072780;90.650000
33.611.500/0001-19;2011-01-01;15;16881;PNA;Preferencial Classe A;0;0.000000
33.858.168/0001-91;2011-01-01;3;29889;PNA;Preferencial Classe A;41547983;20.770000
33.858.168/0001-91;2011-01-01;3;29889;PNB;Preferencial Classe B;5000000;2.500000
33.858.168/0001-91;2011-01-01;3;29889;PNC;Preferencial Classe C;32220187;16.110000
33.958.695/0001-78;2011-01-01;9;18123;PNA;Preferencial Classe A;23618338;91.165471
33.958.695/0001-78;2011-01-01;9;18123;PNB;Preferencial Classe B;518314971;97.594236
34.169.557/0001-72;2011-01-01;6;16617;PNA;Preferencial Classe A;0;0.000000
42.150.391/0001-70;2011-01-01;14;17766;PNA;Preferencial Classe A;270220238;77.340000
42.150.391/0001-70;2011-01-01;14;17766;PNB;Preferencial Classe B;593818;0.200000
42.278.291/0001-24;2011-01-01;3;17507;PNA;Preferencial Classe A;0;0.000000
43.425.008/0001-02;2011-01-01;7;17300;PNA;Preferencial Classe A;0;0.000000
45.453.214/0001-51;2011-01-01;8;18032;PNA;Preferencial Classe A;0;0.000000
45.987.245/0001-92;2011-01-01;1;6690;PNA;Preferencial Classe A;0;0.000000
47.509.120/0001-82;2011-01-01;7;17268;PNA;Preferencial Classe A;0;0.000000
49.669.856/0001-43;2011-01-01;17;18236;PNA;Preferencial Classe A;0;0.000000
50.564.053/0001-03;2011-01-01;8;17121;PNA;Preferencial Classe A;26460632;77.677827
51.218.147/0001-93;2011-01-01;6;16830;PNA;Preferencial Classe A;0;0.000000
51.928.174/0001-50;2011-01-01;4;12145;PNA;Preferencial Classe A;0;0.000000
53.790.218/0001-53;2011-01-01;3;16758;PNA;Preferencial Classe A;0;0.000000
56.992.423/0001-90;2011-01-01;2;16972;PNA;Preferencial Classe A;0;0.000000
56.994.924/0001-05;2011-01-01;1;8956;PNA;Preferencial Classe A;52777900;0.070000
56.994.924/0001-05;2011-01-01;1;8956;PNB;Preferencial Classe B;10608639650;14.650000
58.119.199/0001-51;2011-01-01;13;16651;PNA;Preferencial Classe A;0;0.000000
58.877.812/0001-08;2011-01-01;7;16889;PNA;Preferencial Classe A;0;0.000000
59.105.999/0001-86;2011-01-01;6;16622;PNA;Preferencial Classe A;0;0.000000
59.789.545/0001-71;2011-01-01;2;16988;PNA;Preferencial Classe A;0;0.000000
60.637.238/0001-54;2011-01-01;8;17061;PNA;Preferencial Classe A;619411608;66.665881
60.730.348/0001-66;2011-01-01;2;11469;PNA;Preferencial Classe A;0;0.000000
60.746.948/0001-12;2011-01-01;21;15163;PNA;Preferencial Classe A;0;0.000000
60.770.336/0001-65;2011-01-01;4;45830;PNA;Preferencial Classe A;15583449;42.958614
60.851.615/0001-53;2011-01-01;10;17980;PNA;Preferencial Classe A;977179;79.380716
60.882.628/0001-90;2011-01-01;17;16930;PNA;Preferencial Classe A;0;0.000000
60.894.730/0001-05;2011-01-01;14;17552;PNA;Preferencial Classe A;481234430;94.650000
60.894.730/0001-05;2011-01-01;14;17552;PNB;Preferencial Classe B;86774;100.000000
60.933.603/0001-78;2011-01-01;11;16641;PNA;Preferencial Classe A;8119543;99.999926
60.933.603/0001-78;2011-01-01;11;16641;PNB;Preferencial Classe B;181287296;86.238759
61.022.042/0001-18;2011-01-01;6;17142;PNA;Preferencial Classe A;248079;66.670000
61.079.117/0001-05;2011-01-01;8;16951;PNA;Preferencial Classe A;0;0.000000
61.084.984/0001-20;2011-01-01;5;16614;PNA;Preferencial Classe A;0;0.000000
61.088.894/0001-08;2011-01-01;4;11988;PNA;Preferencial Classe A;24539400;66.000000
61.156.113/0001-75;2011-01-01;9;17619;PNA;Preferencial Classe A;0;0.000000
61.351.532/0001-68;2011-01-01;2;16850;PNA;Preferencial Classe A;0;0.000000
61.374.161/0001-30;2011-01-01;1;9307;PNA;Preferencial Classe A;131639;26.870000
61.410.395/0001-95;2011-01-01;3;16478;PNA;Preferencial Classe A;0;0.000000
61.486.650/0001-83;2011-01-01;18;17326;PNA;Preferencial Classe A;0;0.000000
61.856.571/0001-17;2011-01-01;7;17097;PNA;Preferencial Classe A;22262843;100.000000
62.002.886/0001-60;2011-01-01;3;13280;PNA;Preferencial Classe A;0;0.000000
62.144.175/0001-20;2011-01-01;14;17917;PNA;Preferencial Classe A;0;0.000000
65.654.303/0001-73;2011-01-01;9;17304;PNA;Preferencial Classe A;0;0.000000
71.476.527/0001-35;2011-01-01;7;17958;PNA;Preferencial Classe A;0;0.000000
76.255.926/0001-90;2011-01-01;5;16979;PNA;Preferencial Classe A;4023141;54.520000
76.255.926/0001-90;2011-01-01;5;16979;PNB;Preferencial Classe B;4755424;39.660000
76.483.817/0001-20;2011-01-01;13;16968;PNA;Preferencial Classe A;384139;100.000000
76.483.817/0001-20;2011-01-01;13;16968;PNB;Preferencial Classe B;100944511;78.715212
76.484.013/0001-45;2011-01-01;10;16886;PNA;Preferencial Classe A;0;0.000000
76.500.180/0001-32;2011-01-01;11;13538;PNA;Preferencial Classe A;0;0.000000
76.627.504/0001-06;2011-01-01;9;17388;PNA;Preferencial Classe A;0;0.000000
78.588.415/0001-15;2011-01-01;3;16970;PNA;Preferencial Classe A;5089248;30.600000
81.243.735/0001-48;2011-01-01;7;17386;PNA;Preferencial Classe A;0;0.000000
82.373.077/0001-71;2011-01-01;8;18191;PNA;Preferencial Classe A;0;0.000000
82.636.986/0001-55;2011-01-01;2;13187;PNA;Preferencial Classe A;25573175;100.000000
82.640.632/0001-84;2011-01-01;5;16919;PNA;Preferencial Classe A;0;0.000000
82.643.537/0001-34;2011-01-01;3;17981;PNA;Preferencial Classe A;821735;100.000000
82.981.671/0001-45;2011-01-01;3;16978;PNA;Preferencial Classe A;0;0.000000
84.208.123/0001-02;2011-01-01;2;10217;PNA;Preferencial Classe A;0;0.000000
84.429.752/0001-62;2011-01-01;4;15976;PNA;Preferencial Classe A;0;0.000000
84.683.374/0001-49;2011-01-01;2;17315;PNA;Preferencial Classe A;0;0.000000
84.683.408/0001-03;2011-01-01;5;17093;PNA;Preferencial Classe A;0;0.000000
84.683.762/0001-20;2011-01-01;1;9528;PNA;Preferencial Classe A;0;0.000000
84.693.183/0001-68;2011-01-01;3;16324;PNU;Preferencial Classe U;25561205;69.930000
87.043.832/0001-73;2011-01-01;4;16882;PNA;Preferencial Classe A;0;0.000000
87.762.563/0001-03;2011-01-01;4;16912;PNA;Preferencial Classe A;3822216;64.240000
88.611.983/0001-43;2011-01-01;1;11508;PNA;Preferencial Classe A;0;0.000000
88.613.658/0001-10;2011-06-30;3;12226;PNA;Preferencial Classe A;29934840;100.000000
89.096.457/0001-55;2011-01-01;11;18302;PNCR;Preferencial Classe CR;0;0.000000
89.547.269/0001-04;2011-01-01;1;8500;PNA;Preferencial Classe A;2911;45.200000
90.076.886/0001-40;2011-01-01;5;16977;PNA;Preferencial Classe A;0;0.000000
90.724.345/0001-80;2011-01-01;6;14910;PNA;Preferencial Classe A;3163;12.305480
91.820.068/0001-72;2011-01-01;3;16926;PNA;Preferencial Classe A;2153166;19.690000
92.012.467/0001-70;2011-01-01;3;9672;PNA;Preferencial Classe A;0;0.000000
92.660.570/0001-26;2011-01-01;4;17081;PNA;Preferencial Classe A;0;0.000000
92.693.019/0001-89;2011-01-01;4;17075;PNA;Preferencial Classe A;0;0.000000
92.702.067/0001-96;2011-01-01;26;17136;PNA;Preferencial Classe A;835533;0.204299
92.702.067/0001-96;2011-01-01;26;17136;PNB;Preferencial Classe B;174287023;42.615623
92.715.812/0001-31;2011-01-01;5;16697;PNA;Preferencial Classe A;0;0.000000
92.721.232/0001-57;2011-01-01;1;9022;PNA;Preferencial Classe A;0;0.000000
92.802.784/0001-90;2011-01-01;12;16961;PNA;Preferencial Classe A;0;0.000000
92.825.900/0001-96;2011-01-01;3;18070;PNA;Preferencial Classe A;0;0.000000
92.929.520/0001-00;2011-01-01;1;8970;PNA;Preferencial Classe A;1208625;47.180000
92.929.520/0001-00;2011-01-01;1;8970;PNB;Preferencial Classe B;221175;34.540000
95.426.862/0001-97;2011-01-01;2;8998;PNA;Preferencial Classe A;1506413;63.420000
97.191.902/0001-94;2011-01-01;2;9754;PNA;Preferencial Classe A;1428517;12.656000
