CNPJ_Companhia;Data_Referencia;Versao;ID_Documento;ID_Capital_Social_Reducao;Tipo_Classe_Acao_Preferencial;Quantidade_Acoes
01.258.945/0001-70;2011-01-01;2;17079;2148;Preferencial Classe B;9831
01.258.945/0001-70;2011-01-01;2;17079;2149;Preferencial Classe A;117102
07.253.321/0001-47;2011-01-01;1;9571;1399;Preferencial Classe A;1
09.400.937/0001-29;2011-01-01;4;18289;2237;Preferencial Classe A;225497
24.956.666/0001-86;2011-01-01;4;13130;1749;Preferencial Classe A;1
33.200.049/0001-47;2011-01-01;2;10434;1514;Preferencial Classe A;1
33.352.394/0001-04;2011-01-01;5;16208;2065;Preferencial Classe A;1
