CNPJ_Companhia;Data_Referencia;Versao;ID_Documento;ID_Capital_Social_Reducao;Tipo_Classe_Acao_Preferencial;Quantidade_Acoes
00.649.881/0001-76;2014-01-01;7;41883;5357;Preferencial Classe A;81593777
01.258.945/0001-70;2014-01-01;3;46887;5857;Preferencial Classe B;9831
01.258.945/0001-70;2014-01-01;3;46887;5858;Preferencial Classe A;117102
02.762.113/0001-50;2014-01-01;3;46794;5845;Preferencial Classe A;417
02.762.113/0001-50;2014-01-01;3;46794;5845;Preferencial Classe B;190
07.253.321/0001-47;2014-01-01;1;38513;4907;Preferencial Classe A;1
09.400.937/0001-29;2014-01-01;1;39024;4991;Preferencial Classe A;225497
33.352.394/0001-04;2014-01-01;8;46588;5827;Preferencial Classe A;90050693404
62.002.886/0001-60;2014-01-01;18;46457;5815;Preferencial Classe A;2939
62.002.886/0001-60;2014-01-01;18;46457;5815;Preferencial Classe B;419
