CNPJ_Companhia;Data_Referencia;Versao;ID_Documento;Sigla_Classe_Acoes_Preferenciais;Classe_Acoes_Preferenciais;Quantidade_Acoes_Preferenciais_Circulacao;Percentual_Acoes_Preferenciais_Circulacao
00.000.000/0001-91;2014-01-01;25;47695;PNA;Preferencial Classe A;0;0.000000
00.001.180/0001-26;2014-01-01;10;46966;PNA;Preferencial Classe A;146920;100.000000
00.001.180/0001-26;2014-01-01;10;46966;PNB;Preferencial Classe B;219731566;74.830000
00.070.698/0001-11;2014-01-01;15;46207;PNA;Preferencial Classe A;1313002;14.297500
00.070.698/0001-11;2014-01-01;15;46207;PNB;Preferencial Classe B;1028423;11.198600
00.185.475/0001-08;2014-01-01;7;46484;PNA;Preferencial Classe A;0;0.000000
00.336.701/0001-04;2014-01-01;4;46386;PNA;Preferencial Classe A;0;0.000000
00.644.907/0001-93;2014-01-01;4;46044;PNA;Preferencial Classe A;16288514;4.240000
00.644.907/0001-93;2014-01-01;4;46044;PNB;Preferencial Classe B;5156240;1.340000
00.644.907/0001-93;2014-01-01;4;46044;PNC;Preferencial Classe C;107199382;27.900000
00.644.907/0001-93;2014-01-01;4;46044;PNR;Preferencial Classe R;255559826;66.520000
00.866.577/0001-80;2014-01-01;6;43821;PNA;Preferencial Classe A;0;0.000000
00.938.574/0001-05;2014-01-01;4;46395;PNA;Preferencial Classe A;34134;100.000000
01.104.937/0001-70;2014-01-01;2;46210;PNA;Preferencial Classe A;0;0.000000
01.258.945/0001-70;2014-01-01;3;46887;PNA;Preferencial Classe A;0;0.000000
01.417.222/0001-77;2014-01-01;21;46650;PNA;Preferencial Classe A;35055737;42.710000
01.417.222/0001-77;2014-01-01;21;46650;PNB;Preferencial Classe B;895635;1.290000
01.545.826/0001-07;2014-01-01;14;46122;PNA;Preferencial Classe A;0;0.000000
01.547.749/0001-16;2014-01-01;2;39864;PNA;Preferencial Classe A;0;0.000000
01.616.929/0001-02;2014-01-01;1;38773;PNA;Preferencial Classe A;11396;0.002902
01.654.604/0001-14;2014-01-01;2;38932;PNA;Preferencial Classe A;64000000;66.666666
01.851.771/0001-55;2014-01-01;3;46488;PNA;Preferencial Classe A;0;0.000000
01.858.774/0001-10;2014-01-01;5;46050;PNA;Preferencial Classe A;0;0.000000
02.062.747/0001-08;2014-01-01;5;46491;PNA;Preferencial Classe A;0;0.000000
02.105.040/0001-23;2014-01-01;6;45749;PNA;Preferencial Classe A;0;0.000000
02.162.616/0001-94;2014-01-01;4;41755;PNA;Preferencial Classe A;0;0.000000
02.201.787/0001-85;2014-01-01;1;38185;PNA;Preferencial Classe A;20;0.000000
02.201.787/0001-85;2014-01-01;1;38185;PNB;Preferencial Classe B;10;0.000000
02.217.319/0001-07;2014-01-01;10;46480;PNA;Preferencial Classe A;0;0.000000
02.221.531/0001-30;2014-01-01;6;43210;PNA;Preferencial Classe A;1433066666;100.000000
02.281.836/0001-37;2014-01-01;5;46258;PNA;Preferencial Classe A;9849895;63.299649
02.281.836/0001-37;2014-01-01;5;46258;PNB;Preferencial Classe B;5710847;36.700351
02.291.077/0001-93;2014-01-01;1;36580;PNA;Preferencial Classe A;0;0.000000
02.366.097/0001-86;2014-01-01;3;44784;PNA;Preferencial Classe A;0;0.000000
02.382.073/0001-10;2014-01-01;3;43604;PNA;Preferencial Classe A;0;0.000000
02.390.206/0001-09;2014-01-01;6;41317;PNA;Preferencial Classe A;0;0.000000
02.429.144/0001-93;2014-01-01;8;46685;PNA;Preferencial Classe A;0;0.000000
02.451.848/0001-62;2014-01-01;9;46185;PNA;Preferencial Classe A;0;0.000000
02.474.103/0001-19;2014-01-01;7;46534;PNA;Preferencial Classe A;0;0.000000
02.509.491/0001-26;2014-01-01;7;46497;PNA;Preferencial Classe A;0;0.000000
02.535.295/0001-26;2014-01-01;3;41781;PNA;Preferencial Classe A;53393837;66.660000
02.555.926/0001-79;2014-01-01;3;44750;PNA;Preferencial Classe A;0;0.000000
02.724.983/0001-34;2014-01-01;1;38880;PNA;Preferencial Classe A;0;0.000000
02.762.113/0001-50;2014-01-01;3;46794;PNA;Preferencial Classe A;0;0.000000
02.762.113/0001-50;2014-01-01;3;46794;PNB;Preferencial Classe B;0;0.000000
02.796.775/0001-40;2014-01-01;4;46486;PNA;Preferencial Classe A;0;0.000000
02.800.026/0001-40;2014-01-01;28;47644;PNA;Preferencial Classe A;0;0.000000
02.932.074/0001-91;2014-01-01;8;46278;PNA;Preferencial Classe A;0;0.000000
02.950.811/0001-89;2014-01-01;11;46847;PNA;Preferencial Classe A;0;0.000000
02.992.449/0001-09;2014-01-01;5;46483;PNA;Preferencial Classe A;0;0.000000
02.998.611/0001-04;2014-01-01;9;46872;PNA;Preferencial Classe A;0;0.000000
03.758.318/0001-24;2014-01-01;12;46683;PNA;Preferencial Classe A;0;0.000000
03.795.050/0001-09;2014-01-01;5;46744;PNA;Preferencial Classe A;0;0.000000
03.847.461/0001-92;2014-01-01;5;47535;PNA;Preferencial Classe A;0;0.000000
04.032.433/0001-80;2014-01-01;12;47716;PNA;Preferencial Classe A;0;0.000000
04.038.763/0001-82;2014-01-01;3;46940;PNA;Preferencial Classe A;0;0.000000
04.089.570/0001-50;2014-01-01;3;43591;PNA;Preferencial Classe A;0;0.000000
04.149.454/0001-80;2014-01-01;10;46496;PNA;Preferencial Classe A;0;0.000000
04.370.450/0001-27;2014-01-01;3;43185;PNA;Preferencial Classe A;0;0.000000
04.437.534/0001-30;2014-01-01;3;46136;PNA;Preferencial Classe A;0;0.000000
04.821.041/0001-08;2014-01-01;5;46987;PNA;Preferencial Classe A;0;0.000000
04.895.728/0001-80;2014-01-01;2;46771;PNA;Preferencial Classe A;1820804;84.030000
04.895.728/0001-80;2014-01-01;2;46771;PNB;Preferencial Classe B;1085371;100.000000
04.895.728/0001-80;2014-01-01;2;46771;PNC;Preferencial Classe C;1085346;90.350000
04.912.242/0001-02;2014-01-01;1;38451;PNA;Preferencial Classe A;5535;100.000000
05.336.882/0001-84;2014-01-01;1;47703;PNA;Preferencial Classe A;0;0.000000
05.707.616/0001-10;2014-01-01;11;44356;PNA;Preferencial Classe A;0;0.000000
05.711.813/0001-03;2014-01-01;1;39007;PNA;Preferencial Classe A;0;0.000000
06.018.000/0001-03;2014-01-01;4;43627;PNA;Preferencial Classe A;0;0.000000
06.033.448/0001-98;2014-01-01;2;39200;PNA;Preferencial Classe A;0;0.000000
06.082.980/0001-03;2014-01-01;8;46600;PNA;Preferencial Classe A;0;0.000000
06.272.793/0001-84;2014-01-01;6;46352;PNA;Preferencial Classe A;470536;37.970000
06.272.793/0001-84;2014-01-01;6;46352;PNB;Preferencial Classe B;617046;37.955000
06.349.242/0001-71;2014-01-01;4;44302;PNA;Preferencial Classe A;0;0.000000
06.977.739/0001-34;2014-01-01;15;46689;PNA;Preferencial Classe A;0;0.000000
06.977.745/0001-91;2014-01-01;9;45933;PNA;Preferencial Classe A;0;0.000000
06.977.751/0001-49;2014-01-01;15;46414;PNA;Preferencial Classe A;0;0.000000
06.981.176/0001-58;2014-01-01;10;45338;PNA;Preferencial Classe A;0;0.000000
06.981.180/0001-16;2014-01-01;7;45851;PNA;Preferencial Classe A;0;0.000000
07.021.459/0001-10;2014-01-01;5;43313;PNA;Preferencial Classe A;0;0.000000
07.040.108/0001-57;2014-01-01;1;38738;PNA;Preferencial Classe A;0;0.000000
07.043.628/0001-13;2014-01-01;1;43038;PNA;Preferencial Classe A;0;0.000000
07.047.251/0001-70;2014-01-01;11;46478;PNA;Preferencial Classe A;17664694;62.520000
07.047.251/0001-70;2014-01-01;11;46478;PNB;Preferencial Classe B;1534238;99.970000
07.206.816/0001-15;2014-01-01;5;46146;PNA;Preferencial Classe A;0;0.000000
07.237.373/0001-20;2014-01-01;13;46709;PNA;Preferencial Classe A;0;0.000000
07.253.321/0001-47;2014-01-01;1;38513;PNA;Preferencial Classe A;66000;100.000000
07.275.159/0001-68;2014-01-01;1;36946;PNA;Preferencial Classe A;226530;13.550000
07.275.159/0001-68;2014-01-01;1;36946;PNB;Preferencial Classe B;536835;32.100000
07.275.159/0001-68;2014-01-01;1;36946;PNC;Preferencial Classe C;908881;54.350000
07.628.528/0001-59;2014-06-30;5;42058;PNA;Preferencial Classe A;0;0.000000
07.659.538/0001-51;2014-01-01;5;42595;PNB;Preferencial Classe B;0;0.000000
07.689.002/0001-89;2014-01-01;12;46019;PNA;Preferencial Classe A;0;0.000000
07.710.591/0001-30;2014-01-01;2;40078;PNA;Preferencial Classe A;0;0.000000
07.825.881/0001-29;2014-01-01;1;38271;PNA;Preferencial Classe A;0;0.000000
07.857.850/0001-50;2014-01-01;7;45782;PNA;Preferencial Classe A;87345688;86.588589
07.859.971/0001-30;2014-01-01;12;46321;PNA;Preferencial Classe A;186892944;54.660000
08.312.229/0001-73;2014-01-01;2;46957;PNA;Preferencial Classe A;0;0.000000
08.324.196/0001-81;2014-01-01;8;46903;PNA;Preferencial Classe A;365316;1.770000
08.324.196/0001-81;2014-01-01;8;46903;PNB;Preferencial Classe B;229411;1.290000
08.364.948/0001-38;2014-01-01;11;47648;PNA;Preferencial Classe A;0;0.000000
08.402.943/0001-52;2014-01-01;6;46099;PNA;Preferencial Classe A;3206067;10.280000
08.424.178/0001-71;2014-01-01;2;39520;PNA;Preferencial Classe A;286075;27.900000
08.424.178/0001-71;2014-01-01;2;39520;PNB;Preferencial Classe B;137;0.000001
08.424.178/0001-71;2014-01-01;2;39520;PNC;Preferencial Classe C;739685;61.288888
08.467.115/0001-00;2014-01-01;6;46675;PNA;Preferencial Classe A;0;0.000000
08.613.550/0001-98;2014-01-01;12;45847;PNA;Preferencial Classe A;0;0.000000
08.653.753/0001-08;2014-01-01;1;38632;PNA;Preferencial Classe A;0;0.000000
08.807.432/0001-10;2014-01-01;18;46780;PNA;Preferencial Classe A;0;0.000000
08.827.501/0001-58;2014-01-01;6;42728;PNA;Preferencial Classe A;0;0.000000
08.884.213/0001-35;2014-01-01;6;46413;PNA;Preferencial Classe A;0;0.000000
08.887.330/0001-52;2014-01-01;9;46546;PNB;Preferencial Classe B;0;0.000000
08.935.054/0001-50;2014-01-01;4;39847;PNA;Preferencial Classe A;650340;17.580000
08.935.054/0001-50;2014-01-01;4;39847;PNB;Preferencial Classe B;3048766;82.420000
08.935.054/0001-50;2014-01-01;4;39847;PNC;Preferencial Classe C;1;0.000000
08.935.054/0001-50;2014-01-01;4;39847;PND;Preferencial Classe D;1;0.000000
08.937.002/0001-13;2014-01-01;3;43117;PNA;Preferencial Classe A;0;0.000000
09.112.685/0001-32;2014-01-01;10;45929;PNA;Preferencial Classe A;0;0.000000
09.116.278/0001-01;2014-01-01;1;38439;PNA;Preferencial Classe A;461266;11.000000
09.116.278/0001-01;2014-01-01;1;38439;PNB;Preferencial Classe B;72447;2.000000
09.116.278/0001-01;2014-01-01;1;38439;PNC;Preferencial Classe C;82043;2.000000
09.116.278/0001-01;2014-01-01;1;38439;PND;Preferencial Classe D;3457776;85.000000
09.324.949/0001-11;2014-01-01;5;44788;PNA;Preferencial Classe A;0;0.000000
09.325.109/0001-73;2014-01-01;7;45900;PNA;Preferencial Classe A;0;0.000000
09.336.431/0001-06;2014-01-01;8;44794;PNA;Preferencial Classe A;0;0.000000
09.358.105/0001-91;2014-01-01;12;47118;PNA;Preferencial Classe A;0;0.000000
10.324.624/0001-18;2014-01-01;6;46894;PNA;Preferencial Classe A;0;0.000000
10.629.105/0001-68;2014-01-01;21;46309;PNA;Preferencial Classe A;0;0.000000
10.835.932/0001-08;2014-01-01;6;46912;PNA;Preferencial Classe A;7102982;93.864723
10.835.932/0001-08;2014-01-01;6;46912;PNB;Preferencial Classe B;342066;46.073156
10.841.050/0001-55;2014-01-01;11;46499;PNA;Preferencial Classe A;0;0.000000
11.257.352/0001-43;2014-01-01;3;40991;PNA;Preferencial Classe A;0;0.000000
11.395.624/0001-71;2014-01-01;15;47012;PNA;Preferencial Classe A;0;0.000000
11.423.623/0001-93;2014-01-01;18;46354;PNA;Preferencial Classe A;0;0.000000
11.566.501/0001-56;2014-03-31;5;40207;PNA;Preferencial Classe A;0;0.000000
11.616.840/0001-08;2014-01-01;5;41214;PNA;Preferencial Classe A;0;0.000000
11.716.471/0001-17;2014-01-01;17;39855;PNA;Preferencial Classe A;0;0.000000
11.992.680/0001-93;2014-01-01;22;47689;PNA;Preferencial Classe A;0;0.000000
11.995.753/0001-09;2014-01-01;1;38635;PNA;Preferencial Classe A;0;0.000000
12.078.880/0001-06;2014-01-01;2;38307;PNA;Preferencial Classe A;0;0.000000
12.126.500/0001-53;2014-01-01;4;47674;PNA;Preferencial Classe A;0;0.000000
12.394.916/0001-52;2014-01-01;1;38113;PNA;Preferencial Classe A;0;0.000000
12.394.936/0001-23;2014-01-01;1;38315;PNA;Preferencial Classe A;0;0.000000
12.394.972/0001-97;2014-01-01;2;38311;PNA;Preferencial Classe A;0;0.000000
12.394.991/0001-13;2014-01-01;5;39577;PNA;Preferencial Classe A;0;0.000000
12.395.010/0001-52;2014-01-01;1;38319;PNA;Preferencial Classe A;0;0.000000
12.395.063/0001-73;2014-01-01;1;39066;PNA;Preferencial Classe A;0;0.000000
12.492.734/0001-14;2014-01-01;1;38018;PNA;Preferencial Classe A;0;0.000000
12.610.097/0001-33;2014-01-01;1;38110;PNA;Preferencial Classe A;0;0.000000
12.610.165/0001-64;2014-01-01;5;43082;PNA;Preferencial Classe A;0;0.000000
12.646.054/0001-08;2014-01-01;2;38317;PNA;Preferencial Classe A;0;0.000000
13.009.717/0001-46;2014-01-01;10;46303;PNA;Preferencial Classe A;0;0.000000
13.444.994/0001-87;2014-01-01;9;45948;PNA;Preferencial Classe A;550000;52.884615
13.444.994/0001-87;2014-01-01;9;45948;PNB;Preferencial Classe B;240000;23.076923
13.720.879/0001-98;2014-01-01;2;40439;PNA;Preferencial Classe A;0;0.000000
13.720.918/0001-57;2014-01-01;2;39900;PNA;Preferencial Classe A;0;0.000000
14.308.514/0001-13;2014-01-01;4;46985;PNA;Preferencial Classe A;14165;100.000000
14.333.683/0001-03;2014-01-01;1;36340;PNA;Preferencial Classe A;0;0.000000
14.998.371/0001-19;2014-01-01;6;42087;PNA;Preferencial Classe A;10334449;99.987064
14.998.371/0001-19;2014-01-01;6;42087;PNB;Preferencial Classe B;1337;0.012936
15.073.274/0001-88;2014-01-01;4;46851;PNA;Preferencial Classe A;174141206;79.370626
15.073.274/0001-88;2014-01-01;4;46851;PNB;Preferencial Classe B;348282412;79.370626
15.073.274/0001-88;2014-01-01;4;46851;PNC;Preferencial Classe C;0;0.000000
15.073.274/0001-88;2014-01-01;4;46851;PND;Preferencial Classe D;34787616;100.000000
15.115.504/0001-24;2014-01-01;1;37227;PNA;Preferencial Classe A;369495375;37.000000
15.115.504/0001-24;2014-01-01;1;37227;PNB;Preferencial Classe B;280779240;54.000000
15.126.626/0001-16;2014-01-01;1;42969;PNA;Preferencial Classe A;0;0.000000
15.139.629/0001-94;2014-01-01;8;46400;PNA;Preferencial Classe A;305419;0.162304
15.144.017/0001-90;2014-01-01;4;45895;PNA;Preferencial Classe A;1464194;38.130000
15.463.423/0001-15;2014-01-01;5;43272;PNA;Preferencial Classe A;0;0.000000
15.527.906/0001-36;2014-03-31;7;40974;PNA;Preferencial Classe A;0;0.000000
15.914.972/0001-69;2014-01-01;1;53580;PNA;Preferencial Classe A;0;0.000000
16.234.171/0001-15;2014-01-01;1;38622;PNA;Preferencial Classe A;87595802;29.590000
16.234.171/0001-15;2014-01-01;1;38622;PNB;Preferencial Classe B;9819517;3.320000
16.234.171/0001-15;2014-01-01;1;38622;PNC;Preferencial Classe C;99970883;33.760000
16.404.287/0001-55;2014-01-01;8;46189;PNA;Preferencial Classe A;461173399;62.774630
16.404.287/0001-55;2014-01-01;8;46189;PNB;Preferencial Classe B;9939;0.512103
16.590.234/0001-76;2014-01-01;6;46444;PNA;Preferencial Classe A;0;0.000000
16.614.075/0001-00;2014-01-01;8;47597;PNA;Preferencial Classe A;0;0.000000
17.162.082/0001-73;2014-01-01;5;50418;PNA;Preferencial Classe A;149876;1.453782
17.162.082/0001-73;2014-01-01;5;50418;PNB;Preferencial Classe B;163737;1.588232
17.167.396/0001-69;2014-01-01;3;47572;PNA;Preferencial Classe A;6543142;45.711865
17.167.396/0001-69;2014-01-01;3;47572;PNB;Preferencial Classe B;12425194;51.013337
17.167.412/0001-13;2014-01-01;5;46139;PNA;Preferencial Classe A;20838106;100.000000
17.193.806/0001-46;2014-01-01;3;47573;PNA;Preferencial Classe A;92245;55.927754
17.193.806/0001-46;2014-01-01;3;47573;PNB;Preferencial Classe B;1056986;45.358930
17.193.806/0001-46;2014-01-01;3;47573;PNC;Preferencial Classe C;98319;44.718302
17.193.806/0001-46;2014-01-01;3;47573;PND;Preferencial Classe D;810607;39.359083
17.193.806/0001-46;2014-01-01;3;47573;PNE;Preferencial Classe E;2614479;38.679473
17.193.806/0001-46;2014-01-01;3;47573;PNF;Preferencial Classe F;7003262;32.247055
17.346.997/0001-39;2014-01-01;15;46544;PNA;Preferencial Classe A;0;0.000000
19.511.433/0001-30;2014-02-01;2;45798;PNOR;Preferencial Classe OR;0;0.000000
21.414.457/0001-12;2014-01-01;1;43850;PNA;Preferencial Classe A;0;0.000000
21.610.416/0001-00;2014-01-01;1;44867;PNA;Preferencial Classe A;0;0.000000
22.770.366/0001-82;2014-01-01;4;46875;PNA;Preferencial Classe A;422053086677;66.264037
24.962.466/0001-36;2014-01-01;7;47623;PNA;Preferencial Classe A;4324161;6.232496
24.962.466/0001-36;2014-01-01;7;47623;PNB;Preferencial Classe B;737396;14.374917
26.386.169/0001-15;2014-01-01;4;46565;PNA;Preferencial Classe A;0;0.000000
28.195.667/0001-06;2014-01-01;12;46077;PNA;Preferencial Classe A;0;0.000000
28.573.830/0001-27;2014-01-01;1;48903;PNA;Preferencial Classe A;0;0.000000
30.540.991/0001-66;2014-01-01;3;46001;PNA;Preferencial Classe A;0;0.000000
31.895.683/0001-16;2014-01-01;2;39823;PNA;Preferencial Classe A;0;0.000000
33.014.556/0001-96;2014-01-01;8;47007;PNA;Preferencial Classe A;0;0.000000
33.040.601/0001-87;2014-01-01;8;46564;PNA;Preferencial Classe A;0;0.000000
33.050.196/0001-88;2014-01-01;7;46881;PNA;Preferencial Classe A;0;0.000000
33.050.196/0001-88;2014-01-01;7;46881;PNB;Preferencial Classe B;0;0.000000
33.050.196/0001-88;2014-01-01;7;46881;PNC;Preferencial Classe C;0;0.000000
33.102.476/0001-92;2014-01-01;3;47579;PNA;Preferencial Classe A;0;0.000000
33.200.049/0001-47;2014-01-01;3;47578;PNA;Preferencial Classe A;23695147;30.014773
33.228.024/0001-51;2014-01-01;3;46695;PNA;Preferencial Classe A;0;0.000000
33.256.439/0001-39;2014-01-01;6;47400;PNA;Preferencial Classe A;0;0.000000
33.352.394/0001-04;2014-01-01;8;46588;PNA;Preferencial Classe A;0;0.000000
33.386.210/0001-19;2014-01-01;3;46901;PNA;Preferencial Classe A;314828;36.779000
33.386.210/0001-19;2014-01-01;3;46901;PNB;Preferencial Classe B;577520;67.467300
33.541.368/0001-16;2014-01-01;7;46471;PNA;Preferencial Classe A;0;0.000000
33.592.510/0001-54;2014-01-01;11;46236;PNA;Preferencial Classe A;1878758554;92.680819
33.611.500/0001-19;2014-01-01;8;46803;PNA;Preferencial Classe A;0;0.000000
33.937.681/0001-78;2014-01-01;7;46752;PNA;Preferencial Classe A;0;0.000000
33.938.119/0001-69;2014-01-01;5;46670;PNA;Preferencial Classe A;0;0.000000
33.958.695/0001-78;2014-01-01;13;47653;PNA;Preferencial Classe A;2333899;90.087235
33.958.695/0001-78;2014-01-01;13;47653;PNB;Preferencial Classe B;42141416;79.348278
34.169.557/0001-72;2014-01-01;6;46563;PNA;Preferencial Classe A;0;0.000000
34.265.561/0001-34;2014-01-01;2;43225;PNA;Preferencial Classe A;0;0.000000
42.150.391/0001-70;2014-01-01;12;47610;PNA;Preferencial Classe A;264665622;76.714000
42.150.391/0001-70;2014-01-01;12;47610;PNB;Preferencial Classe B;593818;100.000000
42.278.291/0001-24;2014-01-01;11;47647;PNA;Preferencial Classe A;0;0.000000
42.331.462/0001-31;2014-01-01;3;46096;PNN;Preferencial Classe N;39797669;39.891100
45.987.245/0001-92;2014-01-01;8;46170;PNA;Preferencial Classe A;0;0.000000
47.509.120/0001-82;2014-01-01;4;46931;PNA;Preferencial Classe A;0;0.000000
49.669.856/0001-43;2014-01-01;10;46358;PNA;Preferencial Classe A;0;0.000000
50.746.577/0001-15;2014-01-01;14;46694;PNA;Preferencial Classe A;0;0.000000
51.218.147/0001-93;2014-01-01;5;46578;PNA;Preferencial Classe A;0;0.000000
51.928.174/0001-50;2014-01-01;9;46313;PNA;Preferencial Classe A;0;0.000000
53.790.218/0001-53;2014-01-01;7;47581;PNA;Preferencial Classe A;0;0.000000
56.643.018/0001-66;2014-01-01;2;46028;PNA;Preferencial Classe A;58479269;95.300000
56.992.423/0001-90;2014-01-01;3;46590;PNA;Preferencial Classe A;0;0.000000
56.994.924/0001-05;2014-01-01;3;41378;PNA;Preferencial Classe A;52777900;0.418607
56.994.924/0001-05;2014-01-01;3;41378;PNB;Preferencial Classe B;10608639650;84.142181
58.119.199/0001-51;2014-01-01;11;47673;PNA;Preferencial Classe A;0;0.000000
59.105.999/0001-86;2014-01-01;6;46832;PNA;Preferencial Classe A;0;0.000000
59.789.545/0001-71;2014-01-01;3;46889;PNA;Preferencial Classe A;0;0.000000
60.476.884/0001-87;2014-01-01;2;46382;PNA;Preferencial Classe A;0;0.000000
60.637.238/0001-54;2014-01-01;6;47135;PNA;Preferencial Classe A;37164696;66.665882
60.643.228/0001-21;2014-01-01;13;42945;PNA;Preferencial Classe A;0;0.000000
60.730.348/0001-66;2014-01-01;5;46668;PNA;Preferencial Classe A;425743;55.039200
60.770.336/0001-65;2014-01-01;6;46137;PNA;Preferencial Classe A;13911408;38.349329
60.851.615/0001-53;2014-01-01;7;47655;PNA;Preferencial Classe A;977179;79.381426
60.894.730/0001-05;2014-01-01;11;46693;PNA;Preferencial Classe A;481427177;94.690000
60.894.730/0001-05;2014-01-01;11;46693;PNB;Preferencial Classe B;82563;100.000000
60.933.603/0001-78;2014-01-01;12;47747;PNA;Preferencial Classe A;7441008;100.000000
60.933.603/0001-78;2014-01-01;12;47747;PNB;Preferencial Classe B;181964945;86.282691
61.079.117/0001-05;2014-01-01;7;47062;PNA;Preferencial Classe A;0;0.000000
61.082.004/0001-50;2014-01-01;4;46765;PNA;Preferencial Classe A;0;0.000000
61.084.984/0001-20;2014-01-01;5;46955;PNA;Preferencial Classe A;0;0.000000
61.088.894/0001-08;2014-01-01;6;47563;PNA;Preferencial Classe A;0;0.000000
61.156.113/0001-75;2014-01-01;16;46815;PNA;Preferencial Classe A;0;0.000000
61.351.532/0001-68;2014-01-01;2;46680;PNA;Preferencial Classe A;0;0.000000
61.410.395/0001-95;2014-01-01;2;42836;PNA;Preferencial Classe A;0;0.000000
61.486.650/0001-83;2014-01-01;13;47599;PNA;Preferencial Classe A;0;0.000000
61.856.571/0001-17;2014-01-01;7;46926;PNA;Preferencial Classe A;22307271;84.642082
62.002.886/0001-60;2014-01-01;18;46457;PNA;Preferencial Classe A;37872;0.731301
62.002.886/0001-60;2014-01-01;18;46457;PNB;Preferencial Classe B;58820;1.135802
62.232.889/0001-90;2014-01-01;10;46964;PNA;Preferencial Classe A;0;0.000000
65.654.303/0001-73;2014-01-01;4;46969;PNA;Preferencial Classe A;0;0.000000
69.720.910/0001-45;2014-01-01;5;44985;PNA;Preferencial Classe A;0;0.000000
71.208.516/0001-74;2014-01-01;3;46067;PNA;Preferencial Classe A;0;0.000000
71.550.388/0001-42;2014-01-01;14;46393;PNA;Preferencial Classe A;0;0.000000
73.903.718/0001-61;2014-01-01;1;38882;PNA;Preferencial Classe A;0;0.000000
74.409.467/0001-26;2014-01-01;1;36843;PNA;Preferencial Classe A;0;0.000000
76.255.926/0001-90;2014-03-31;4;40117;PNA;Preferencial Classe A;4162781;56.420000
76.255.926/0001-90;2014-03-31;4;40117;PNB;Preferencial Classe B;4859647;40.530000
76.483.817/0001-20;2014-01-01;8;46399;PNA;Preferencial Classe A;380291;100.000000
76.483.817/0001-20;2014-01-01;8;46399;PNB;Preferencial Classe B;100948359;78.715851
76.500.180/0001-32;2014-01-01;16;44097;PNA;Preferencial Classe A;0;0.000000
76.535.764/0001-43;2014-01-01;34;47654;PNA;Preferencial Classe A;0;0.000000
76.627.504/0001-06;2014-01-01;16;74238;PNA;Preferencial Classe A;0;0.000000
78.588.415/0001-15;2014-01-01;1;38687;PNA;Preferencial Classe A;3077380;18.500000
82.508.433/0001-17;2014-01-01;7;45893;PNA;Preferencial Classe A;0;0.000000
82.636.986/0001-55;2014-01-01;1;37967;PNA;Preferencial Classe A;0;0.000000
82.640.632/0001-84;2014-01-01;1;38359;PNA;Preferencial Classe A;0;0.000000
82.641.325/0001-18;2014-01-01;13;46220;PNA;Preferencial Classe A;0;0.000000
82.643.537/0001-34;2014-01-01;7;45891;PNA;Preferencial Classe A;1275000;56.666667
84.208.123/0001-02;2014-01-01;1;46203;PNA;Preferencial Classe A;30006942;17.130000
84.683.374/0001-49;2014-01-01;6;47760;PNA;Preferencial Classe A;0;0.000000
84.683.408/0001-03;2014-01-01;4;46252;PNA;Preferencial Classe A;0;0.000000
84.683.671/0001-94;2014-01-01;5;46812;PNA;Preferencial Classe A;0;0.000000
84.693.183/0001-68;2014-01-01;3;46119;PNU;Preferencial Classe U;25171430;68.867803
85.041.333/0001-11;2014-01-01;2;44029;PNA;Preferencial Classe A;0;0.000000
85.778.074/0001-06;2014-01-01;2;46866;PNA;Preferencial Classe A;139898;100.000000
86.375.425/0001-09;2014-01-01;4;45967;PNA;Preferencial Classe A;0;0.000000
87.043.832/0001-73;2014-01-01;2;46659;PNA;Preferencial Classe A;0;0.000000
87.762.563/0001-03;2014-01-01;3;46781;PNA;Preferencial Classe A;3824429;64.270000
88.613.658/0001-10;2014-06-30;2;42140;PNA;Preferencial Classe A;31567016;100.000000
89.547.269/0001-04;2014-01-01;1;39018;PNA;Preferencial Classe A;2911;45.200000
89.723.993/0001-33;2014-01-01;4;42951;PNA;Preferencial Classe A;0;0.000000
90.400.888/0001-42;2014-01-01;22;46606;PNA;Preferencial Classe A;0;0.000000
91.820.068/0001-72;2014-01-01;2;45752;PNA;Preferencial Classe A;2081955;17.460000
92.012.467/0001-70;2014-01-01;5;42954;PNA;Preferencial Classe A;0;0.000000
92.660.570/0001-26;2014-01-01;4;46678;PNA;Preferencial Classe A;0;0.000000
92.693.019/0001-89;2014-01-01;6;46391;PNA;Preferencial Classe A;0;0.000000
92.702.067/0001-96;2014-01-01;16;46884;PNA;Preferencial Classe A;807863;0.228899
92.702.067/0001-96;2014-01-01;16;46884;PNB;Preferencial Classe B;174314674;42.622384
92.715.812/0001-31;2014-01-01;5;46673;PNA;Preferencial Classe A;0;0.000000
92.721.232/0001-57;2014-01-01;4;41327;PNA;Preferencial Classe A;0;0.000000
92.802.784/0001-90;2014-01-01;7;46763;PNA;Preferencial Classe A;0;0.000000
92.825.900/0001-96;2014-01-01;4;41654;PNA;Preferencial Classe A;0;0.000000
92.929.520/0001-00;2014-01-01;2;46880;PNA;Preferencial Classe A;12044150;47.016900
92.929.520/0001-00;2014-01-01;2;46880;PNB;Preferencial Classe B;2211750;34.536145
97.191.902/0001-94;2014-01-01;1;38743;PNA;Preferencial Classe A;269242;18.850000
