CNPJ_Companhia;Data_Referencia;Versao;ID_Documento;Sigla_Classe_Acoes_Preferenciais;Classe_Acoes_Preferenciais;Quantidade_Acoes_Preferenciais_Circulacao;Percentual_Acoes_Preferenciais_Circulacao
00.001.180/0001-26;2010-01-01;11;8288;PNA;Preferencial Classe A;146920;100.000000
00.001.180/0001-26;2010-01-01;11;8288;PNB;Preferencial Classe B;218723778;82.360000
00.027.742/0001-00;2010-01-01;1;1941;PNA;Preferencial Classe A;0;0.000000
00.070.698/0001-11;2010-01-01;8;11390;PNA;Preferencial Classe A;1313002;14.297468
00.070.698/0001-11;2010-01-01;8;11390;PNB;Preferencial Classe B;1030258;11.218628
00.272.185/0001-93;2010-01-01;2;7186;PNA;Preferencial Classe A;240000;65.530000
00.336.701/0001-04;2010-01-01;8;6423;PNA;Preferencial Classe A;0;0.000000
00.514.998/0001-42;2010-01-01;5;5698;PNA;Preferencial Classe A;0;0.000000
00.644.907/0001-93;2010-01-01;5;6496;PNA;Preferencial Classe A;16288514;4.240000
00.644.907/0001-93;2010-01-01;5;6496;PNB;Preferencial Classe B;5156240;1.340000
00.644.907/0001-93;2010-01-01;5;6496;PNC;Preferencial Classe C;107199382;27.900000
00.644.907/0001-93;2010-01-01;5;6496;PNR;Preferencial Classe R;255559826;66.520000
00.866.577/0001-80;2010-01-01;1;1298;PNA;Preferencial Classe A;358809593;100.000000
00.938.574/0001-05;2010-01-01;4;8334;PNA;Preferencial Classe A;34128;100.000000
01.104.937/0001-70;2010-01-01;4;7711;PNA;Preferencial Classe A;0;0.000000
01.258.945/0001-70;2010-01-01;3;7113;PNA;Preferencial Classe A;0;0.000000
01.355.994/0001-21;2010-01-01;2;7842;PNDR;Preferencial Classe DR;0;0.000000
01.417.222/0001-77;2010-01-01;4;6556;PNA;Preferencial Classe A;82076174;24.140000
01.417.222/0001-77;2010-01-01;4;6556;PNB;Preferencial Classe B;69591139;20.470000
01.545.826/0001-07;2010-01-01;18;8240;PNA;Preferencial Classe A;0;0.000000
01.547.749/0001-16;2010-01-01;2;4574;PNA;Preferencial Classe A;0;0.000000
01.616.929/0001-02;2010-01-01;1;1566;PNA;Preferencial Classe A;11396;0.002902
01.654.604/0001-14;2010-01-01;1;2028;PNA;Preferencial Classe A;40673292;66.666666
01.685.903/0001-16;2010-01-01;4;3763;PNA;Preferencial Classe A;177381127;0.830278
01.685.903/0001-16;2010-01-01;4;3763;PNB;Preferencial Classe B;132689911;0.621089
01.858.774/0001-10;2010-01-01;1;2381;PNA;Preferencial Classe A;0;0.000000
02.016.440/0001-62;2010-01-01;3;7441;PNA;Preferencial Classe A;0;0.000000
02.201.787/0001-85;2010-01-01;1;4283;PNA;Preferencial Classe A;20;0.000000
02.201.787/0001-85;2010-01-01;1;4283;PNB;Preferencial Classe B;10;0.000000
02.221.531/0001-30;2010-01-01;4;7254;PNA;Preferencial Classe A;1433066666;100.000000
02.225.714/0001-23;2010-01-01;3;8372;PNA;Preferencial Classe A;194196520;99.990000
02.225.714/0001-23;2010-01-01;3;8372;PNB;Preferencial Classe B;12500;0.010000
02.302.100/0001-06;2010-01-01;3;4335;PNA;Preferencial Classe A;0;0.000000
02.366.097/0001-86;2010-01-01;5;7029;PNA;Preferencial Classe A;0;0.000000
02.390.206/0001-09;2010-12-01;2;6395;PNA;Preferencial Classe A;0;0.000000
02.451.848/0001-62;2010-01-01;5;7397;PNA;Preferencial Classe A;0;0.000000
02.465.783/0001-04;2010-01-01;2;3294;PNA;Preferencial Classe A;0;0.000000
02.509.491/0001-26;2010-01-01;3;6742;PNA;Preferencial Classe A;0;0.000000
02.555.926/0001-79;2010-01-01;5;6992;PNA;Preferencial Classe A;0;0.000000
02.604.997/0001-14;2010-01-01;2;3299;PNA;Preferencial Classe A;0;0.000000
02.724.983/0001-34;2010-01-01;3;11992;PNA;Preferencial Classe A;0;0.000000
02.773.542/0001-22;2010-01-01;3;6023;PNA;Preferencial Classe A;0;0.000000
02.808.708/0001-07;2010-01-01;9;7492;PNA;Preferencial Classe A;0;0.000000
02.950.811/0001-89;2010-01-01;15;6512;PNA;Preferencial Classe A;0;0.000000
03.076.274/0001-52;2010-01-01;3;6624;PNA;Preferencial Classe A;0;0.000000
03.410.855/0001-89;2010-01-01;1;1370;PNA;Preferencial Classe A;45962332;50.863850
03.410.855/0001-89;2010-01-01;1;1370;PND;Preferencial Classe D;7604731;8.415720
03.410.855/0001-89;2010-01-01;1;1370;PNE;Preferencial Classe E;8872186;9.818330
03.795.050/0001-09;2010-01-01;9;7304;PNA;Preferencial Classe A;0;0.000000
04.038.763/0001-82;2010-01-01;3;7104;PNA;Preferencial Classe A;0;0.000000
04.172.213/0001-51;2010-01-01;3;5851;PNA;Preferencial Classe A;0;0.000000
04.310.392/0001-46;2010-01-01;15;8466;PNA;Preferencial Classe A;0;0.000000
04.370.450/0001-27;2010-01-01;2;3638;PNA;Preferencial Classe A;0;0.000000
04.652.792/0001-30;2010-01-01;3;7368;PNA;Preferencial Classe A;0;0.000000
04.821.041/0001-08;2010-01-01;3;6532;PNA;Preferencial Classe A;0;0.000000
04.895.728/0001-80;2010-01-01;6;7219;PNA;Preferencial Classe A;1591558;72.150000
04.895.728/0001-80;2010-01-01;6;7219;PNB;Preferencial Classe B;10737;0.480000
04.895.728/0001-80;2010-01-01;6;7219;PNC;Preferencial Classe C;603660;27.370000
04.912.242/0001-02;2010-01-01;1;1557;PNA;Preferencial Classe A;5535;100.000000
05.721.582/0001-19;2010-01-01;1;1805;PNA;Preferencial Classe A;0;0.000000
06.027.566/0001-93;2010-01-01;1;1454;PNA;Preferencial Classe A;0;0.000000
06.082.980/0001-03;2010-01-01;7;6966;PNA;Preferencial Classe A;0;0.000000
06.272.793/0001-84;2010-01-01;6;7322;PNA;Preferencial Classe A;617046;37.960000
06.272.793/0001-84;2010-01-01;6;7322;PNB;Preferencial Classe B;470536;37.970000
06.349.242/0001-71;2010-01-01;2;3636;PNA;Preferencial Classe A;0;0.000000
06.977.751/0001-49;2010-01-01;17;8354;PNA;Preferencial Classe A;0;0.000000
07.021.459/0001-10;2010-01-01;3;3168;PNA;Preferencial Classe A;0;0.000000
07.047.251/0001-70;2010-01-01;4;3980;PNA;Preferencial Classe A;26398812;93.720000
07.047.251/0001-70;2010-01-01;4;3980;PNB;Preferencial Classe B;1618530;100.000000
07.110.438/0001-71;2010-01-01;1;1399;PNA;Preferencial Classe A;0;0.000000
07.203.904/0001-63;2010-01-01;1;1360;PNA;Preferencial Classe A;196;41.970021
07.203.904/0001-63;2010-01-01;1;1360;PNB;Preferencial Classe B;84;17.987152
07.203.904/0001-63;2010-01-01;1;1360;PNC;Preferencial Classe C;187;40.042827
07.253.321/0001-47;2010-01-01;2;1895;PNA;Preferencial Classe A;66000;100.000000
07.275.159/0001-68;2010-01-01;1;1725;PNA;Preferencial Classe A;226530;13.550000
07.275.159/0001-68;2010-01-01;1;1725;PNB;Preferencial Classe B;536835;32.100000
07.275.159/0001-68;2010-01-01;1;1725;PNC;Preferencial Classe C;908881;54.350000
07.281.413/0001-30;2010-01-01;2;3469;PNA;Preferencial Classe A;3992;0.000000
07.281.413/0001-30;2010-01-01;2;3469;PNB;Preferencial Classe B;594;0.000000
07.281.413/0001-30;2010-01-01;2;3469;PNC;Preferencial Classe C;2237;0.000000
07.332.190/0001-93;2010-01-01;2;4007;PNA;Preferencial Classe A;181179;23.470000
07.332.190/0001-93;2010-01-01;2;4007;PNB;Preferencial Classe B;219028;1.120000
07.620.094/0001-40;2010-01-01;9;7244;PNA;Preferencial Classe A;1955755;10.393149
07.620.094/0001-40;2010-01-01;9;7244;PNB;Preferencial Classe B;5931526;31.520939
07.659.538/0001-51;2010-01-01;1;1393;PNB;Preferencial Classe B;0;0.000000
07.710.591/0001-30;2010-01-01;2;3634;PNA;Preferencial Classe A;0;0.000000
07.825.881/0001-29;2010-01-01;1;1271;PNA;Preferencial Classe A;0;0.000000
07.857.850/0001-50;2010-01-01;6;8488;PNA;Preferencial Classe A;122180983;100.000000
07.875.234/0001-21;2010-01-01;15;4721;PNA;Preferencial Classe A;0;0.000000
08.140.464/0001-05;2010-01-01;1;2847;PNA;Preferencial Classe A;0;0.000000
08.324.196/0001-81;2010-01-01;7;7488;PNA;Preferencial Classe A;20606128;53.760000
08.324.196/0001-81;2010-01-01;7;7488;PNB;Preferencial Classe B;17721681;46.240000
08.424.178/0001-71;2010-01-01;1;5467;PNA;Preferencial Classe A;286075;27.900000
08.424.178/0001-71;2010-01-01;1;5467;PNB;Preferencial Classe B;137;0.000001
08.424.178/0001-71;2010-01-01;1;5467;PNC;Preferencial Classe C;739685;61.288888
08.467.115/0001-00;2010-01-01;5;6089;PNA;Preferencial Classe A;0;0.000000
08.534.605/0001-74;2010-01-01;13;7570;PNA;Preferencial Classe A;0;0.000000
08.613.550/0001-98;2010-01-01;13;5863;PNA;Preferencial Classe A;0;0.000000
08.653.753/0001-08;2010-01-01;1;2114;PNA;Preferencial Classe A;0;0.000000
08.665.255/0001-85;2010-01-01;3;3318;PNA;Preferencial Classe A;0;0.000000
08.769.451/0001-08;2010-01-01;1;1573;PNA;Preferencial Classe A;0;0.000000
08.835.366/0001-92;2010-01-01;3;3649;PNA;Preferencial Classe A;0;0.000000
08.904.552/0001-36;2010-01-01;20;12387;PNA;Preferencial Classe A;165541304;76.950000
08.935.054/0001-50;2010-01-01;2;3560;PNA;Preferencial Classe A;497768;22.373928
08.937.002/0001-13;2010-01-01;2;1641;PNA;Preferencial Classe A;0;0.000000
09.074.183/0001-64;2010-01-01;3;4012;PNA;Preferencial Classe A;0;0.000000
09.112.685/0001-32;2010-01-01;5;3596;PNA;Preferencial Classe A;0;0.000000
09.116.278/0001-01;2010-01-01;1;1521;PNA;Preferencial Classe A;461266;11.000000
09.116.278/0001-01;2010-01-01;1;1521;PNB;Preferencial Classe B;72447;2.000000
09.116.278/0001-01;2010-01-01;1;1521;PNC;Preferencial Classe C;82043;2.000000
09.116.278/0001-01;2010-01-01;1;1521;PND;Preferencial Classe D;3457776;85.000000
09.140.181/0001-26;2010-01-01;2;3045;PNA;Preferencial Classe A;0;0.000000
09.191.251/0001-75;2010-01-01;5;7940;PNA;Preferencial Classe A;0;0.000000
09.257.877/0001-37;2010-01-01;2;1824;PNA;Preferencial Classe A;0;0.000000
09.324.949/0001-11;2010-01-01;3;6971;PNA;Preferencial Classe A;0;0.000000
09.325.109/0001-73;2010-01-01;3;7161;PNA;Preferencial Classe A;0;0.000000
09.336.431/0001-06;2010-01-01;3;6986;PNA;Preferencial Classe A;0;0.000000
09.337.210/0001-44;2010-01-01;7;8364;PNA;Preferencial Classe A;573445;58.508288
09.337.210/0001-44;2010-01-01;7;8364;PNB;Preferencial Classe B;85279;8.700971
09.337.210/0001-44;2010-01-01;7;8364;PNC;Preferencial Classe C;321385;32.790741
09.462.850/0001-86;2010-01-01;4;3830;PNA;Preferencial Classe A;0;0.000000
09.594.796/0001-22;2010-01-01;1;1518;PNA;Preferencial Classe A;0;0.000000
10.382.341/0001-22;2010-01-01;1;2309;PNA;Preferencial Classe A;0;0.000000
10.753.164/0001-43;2010-01-01;3;4118;PNA;Preferencial Classe A;0;0.000000
10.826.798/0001-89;2010-01-01;2;3456;PNA;Preferencial Classe A;0;0.000000
10.835.932/0001-08;2010-01-01;9;7660;PNA;Preferencial Classe A;7102982;95.405456
10.835.932/0001-08;2010-01-01;9;7660;PNB;Preferencial Classe B;342066;4.594544
10.841.050/0001-55;2010-01-01;2;7040;PNA;Preferencial Classe A;0;0.000000
10.847.761/0001-37;2010-01-01;2;3643;PNA;Preferencial Classe A;0;0.000000
11.094.546/0001-75;2010-01-01;2;4189;PNA;Preferencial Classe A;0;0.000000
11.197.023/0001-54;2010-01-01;2;3027;PNA;Preferencial Classe A;0;0.000000
12.130.744/0001-00;2010-05-28;2;3946;PNA;Preferencial Classe A;0;0.000000
12.498.904/0001-78;2010-01-01;1;4000;PNA;Preferencial Classe A;0;0.000000
13.552.070/0001-02;2010-01-01;7;7786;PNA;Preferencial Classe A;2364719;9.070000
13.552.070/0001-02;2010-01-01;7;7786;PNB;Preferencial Classe B;605191;48.390000
13.608.583/0001-80;2010-01-01;1;1351;PNA;Preferencial Classe A;0;0.000000
14.308.514/0001-13;2010-01-01;2;3185;PNA;Preferencial Classe A;15133;48.207900
14.998.371/0001-19;2010-01-01;6;7085;PNA;Preferencial Classe A;10334449;99.987064
14.998.371/0001-19;2010-01-01;6;7085;PNB;Preferencial Classe B;1337;0.012936
15.101.405/0001-93;2010-01-01;3;7450;PNE;Preferencial Classe E;15338;66.250000
15.115.504/0001-24;2010-01-01;1;1675;PNA;Preferencial Classe A;987379050;43.000000
15.115.504/0001-24;2010-01-01;1;1675;PNB;Preferencial Classe B;521448880;22.000000
15.139.629/0001-94;2010-01-01;9;7245;PNA;Preferencial Classe A;305419;0.387230
15.144.017/0001-90;2010-01-01;1;1269;PNA;Preferencial Classe A;0;0.000000
16.234.171/0001-15;2010-01-01;1;1544;PNA;Preferencial Classe A;17837312;6.020000
16.234.171/0001-15;2010-01-01;1;1544;PNB;Preferencial Classe B;3259066;1.100000
16.234.171/0001-15;2010-01-01;1;1544;PNC;Preferencial Classe C;37721499;12.740000
16.404.287/0001-55;2010-01-01;7;8428;PNA;Preferencial Classe A;186289219;69.790000
16.404.287/0001-55;2010-01-01;7;8428;PNB;Preferencial Classe B;5355;0.280000
16.614.075/0001-00;2010-01-01;10;5048;PNA;Preferencial Classe A;0;0.000000
17.162.082/0001-73;2010-01-01;2;8654;PNA;Preferencial Classe A;149757;1.452627
17.162.082/0001-73;2010-01-01;2;8654;PNB;Preferencial Classe B;163736;1.588222
17.167.396/0001-69;2010-01-01;5;45866;PNA;Preferencial Classe A;7596661;35.104733
17.167.396/0001-69;2010-01-01;5;45866;PNB;Preferencial Classe B;14043330;64.895267
17.167.412/0001-13;2010-01-01;4;45825;PNA;Preferencial Classe A;27291747;100.000000
17.193.806/0001-46;2010-01-01;6;45865;PNA;Preferencial Classe A;90546;0.693523
17.193.806/0001-46;2010-01-01;6;45865;PNB;Preferencial Classe B;1190630;9.119451
17.193.806/0001-46;2010-01-01;6;45865;PNC;Preferencial Classe C;104281;0.798725
17.193.806/0001-46;2010-01-01;6;45865;PND;Preferencial Classe D;807405;6.184197
17.193.806/0001-46;2010-01-01;6;45865;PNE;Preferencial Classe E;2751344;21.073504
17.193.806/0001-46;2010-01-01;6;45865;PNF;Preferencial Classe F;8111734;62.130601
19.443.985/0001-58;2010-01-01;13;7442;PNA;Preferencial Classe A;0;0.000000
24.956.666/0001-86;2010-01-01;2;3317;PNA;Preferencial Classe A;241358;0.150000
24.962.466/0001-36;2010-01-01;3;5159;PNA;Preferencial Classe A;11597219;84.371974
24.962.466/0001-36;2010-01-01;3;5159;PNB;Preferencial Classe B;1442761;10.496360
29.388.352/0001-48;2010-01-01;1;2353;PNA;Preferencial Classe A;112000000;100.000000
30.540.991/0001-66;2010-01-01;2;1552;PNA;Preferencial Classe A;0;0.000000
32.286.411/0001-81;2010-01-01;6;4221;PNA;Preferencial Classe A;10000000000;1.870000
33.000.118/0001-79;2010-01-01;10;6618;PNA;Preferencial Classe A;25914641;19.830000
33.000.118/0001-79;2010-01-01;10;6618;PNB;Preferencial Classe B;1063961;100.000000
33.000.167/0001-01;2010-01-01;11;7246;PNA;Preferencial Classe A;4033023219;71.990000
33.009.911/0001-39;2010-01-01;9;6757;PNA;Preferencial Classe A;0;0.000000
33.014.556/0001-96;2010-01-01;7;7710;PNA;Preferencial Classe A;247440271;45.693663
33.040.601/0001-87;2010-01-01;4;7127;PNA;Preferencial Classe A;0;0.000000
33.041.260/0652-90;2010-01-01;4;7018;PNA;Preferencial Classe A;0;0.000000
33.050.196/0001-88;2010-01-01;3;6580;PNA;Preferencial Classe A;3420688;4.950000
33.050.196/0001-88;2010-01-01;3;6580;PNB;Preferencial Classe B;25898556;37.490000
33.050.196/0001-88;2010-01-01;3;6580;PNC;Preferencial Classe C;39754586;57.550000
33.111.246/0001-90;2010-01-01;2;3021;PNA;Preferencial Classe A;0;0.000000
33.200.049/0001-47;2010-01-01;1;2448;PNA;Preferencial Classe A;78944947;42.970000
33.228.024/0001-51;2010-01-01;5;8409;PNA;Preferencial Classe A;0;0.000000
33.386.210/0001-19;2010-01-01;2;8426;PNA;Preferencial Classe A;651220;76.070000
33.386.210/0001-19;2010-01-01;2;8426;PNB;Preferencial Classe B;353526;41.290000
33.541.368/0001-16;2010-01-01;4;7373;PNA;Preferencial Classe A;0;0.000000
33.592.510/0001-54;2010-01-01;10;8573;PNA;Preferencial Classe A;1841072780;90.650000
33.611.500/0001-19;2010-01-01;4;4644;PNA;Preferencial Classe A;0;0.000000
33.858.168/0001-91;2010-01-01;2;1860;PNA;Preferencial Classe A;41547983;20.770000
33.858.168/0001-91;2010-01-01;2;1860;PNB;Preferencial Classe B;5000000;2.500000
33.858.168/0001-91;2010-01-01;2;1860;PNC;Preferencial Classe C;32220187;16.110000
33.958.695/0001-78;2010-01-01;7;8127;PNA;Preferencial Classe A;9445684;36.460000
33.958.695/0001-78;2010-01-01;7;8127;PNB;Preferencial Classe B;495118515;93.230000
34.169.557/0001-72;2010-01-01;5;7133;PNA;Preferencial Classe A;0;0.000000
42.150.391/0001-70;2010-01-01;10;7525;PNA;Preferencial Classe A;264365692;0.000000
42.150.391/0001-70;2010-01-01;10;7525;PNB;Preferencial Classe B;593818;0.000000
42.278.291/0001-24;2010-01-01;4;8340;PNA;Preferencial Classe A;0;0.000000
43.425.008/0001-02;2010-01-01;6;7375;PNA;Preferencial Classe A;0;0.000000
45.453.214/0001-51;2010-01-01;2;3615;PNA;Preferencial Classe A;0;0.000000
45.987.245/0001-92;2010-01-01;2;3591;PNA;Preferencial Classe A;0;0.000000
47.509.120/0001-82;2010-01-01;3;7475;PNA;Preferencial Classe A;0;100.000000
50.564.053/0001-03;2010-01-01;6;7836;PNA;Preferencial Classe A;0;0.000000
51.218.147/0001-93;2010-01-01;9;6958;PNA;Preferencial Classe A;0;0.000000
53.113.791/0001-22;2010-01-01;13;7129;PNA;Preferencial Classe A;0;0.000000
53.790.218/0001-53;2010-01-01;1;2803;PNA;Preferencial Classe A;0;0.000000
56.992.423/0001-90;2010-01-01;3;7457;PNA;Preferencial Classe A;0;0.000000
56.994.924/0001-05;2010-01-01;1;1746;PNA;Preferencial Classe A;52777900;0.070000
56.994.924/0001-05;2010-01-01;1;1746;PNB;Preferencial Classe B;10608639650;14.650000
58.119.199/0001-51;2010-01-01;5;6697;PNA;Preferencial Classe A;0;0.000000
58.877.812/0001-08;2010-01-01;6;7111;PNA;Preferencial Classe A;0;0.000000
59.105.999/0001-86;2010-01-01;2;9448;PNA;Preferencial Classe A;0;0.000000
60.631.090/0001-40;2010-01-01;1;4479;PNA;Preferencial Classe A;7;0.790068
60.637.238/0001-54;2010-01-01;6;9665;PNA;Preferencial Classe A;258088170;100.000000
60.664.810/0001-74;2010-01-01;3;3789;PNA;Preferencial Classe A;0;0.000000
60.730.348/0001-66;2010-01-01;2;4820;PNA;Preferencial Classe A;0;0.000000
60.746.948/0001-12;2010-01-01;13;7190;PNA;Preferencial Classe A;0;0.000000
60.770.336/0001-65;2010-01-01;3;45824;PNA;Preferencial Classe A;15679318;100.000000
60.851.615/0001-53;2010-01-01;2;3204;PNA;Preferencial Classe A;977179;79.380716
60.882.628/0001-90;2010-01-01;6;8471;PNA;Preferencial Classe A;0;0.000000
60.894.730/0001-05;2010-01-01;8;7172;PNA;Preferencial Classe A;481233204;94.650000
60.894.730/0001-05;2010-01-01;8;7172;PNB;Preferencial Classe B;86774;100.000000
60.933.603/0001-78;2010-01-01;7;7437;PNA;Preferencial Classe A;8119543;99.999926
60.933.603/0001-78;2010-01-01;7;7437;PNB;Preferencial Classe B;181287296;86.238759
61.022.042/0001-18;2010-01-01;1;1779;PNA;Preferencial Classe A;46000;66.670000
61.084.984/0001-20;2010-01-01;2;9441;PNA;Preferencial Classe A;0;0.000000
61.088.894/0001-08;2010-01-01;5;9880;PNA;Preferencial Classe A;24539400;66.000000
61.351.532/0001-68;2010-01-01;2;6960;PNA;Preferencial Classe A;0;0.000000
61.374.161/0001-30;2010-01-01;1;3273;PNA;Preferencial Classe A;131639;26.870000
61.486.650/0001-83;2010-01-01;9;7181;PNA;Preferencial Classe A;0;0.000000
61.856.571/0001-17;2010-01-01;4;7223;PNA;Preferencial Classe A;22262843;100.000000
62.002.886/0001-60;2010-01-01;3;4318;PNA;Preferencial Classe A;0;0.000000
62.144.175/0001-20;2010-01-01;5;5828;PNA;Preferencial Classe A;0;0.000000
65.654.303/0001-73;2010-01-01;6;7376;PNA;Preferencial Classe A;0;0.000000
71.476.527/0001-35;2010-01-01;6;8235;PNA;Preferencial Classe A;0;0.000000
76.255.926/0001-90;2010-01-01;5;8227;PNA;Preferencial Classe A;4152781;56.280000
76.255.926/0001-90;2010-01-01;5;8227;PNB;Preferencial Classe B;4804933;40.070000
76.483.817/0001-20;2010-01-01;9;6292;PNA;Preferencial Classe A;389931;100.000000
76.483.817/0001-20;2010-01-01;9;6292;PNB;Preferencial Classe B;100938719;78.714251
76.484.013/0001-45;2010-01-01;7;7260;PNA;Preferencial Classe A;0;0.000000
76.627.504/0001-06;2010-01-01;12;8286;PNA;Preferencial Classe A;0;0.000000
78.588.415/0001-15;2010-01-01;5;7564;PNA;Preferencial Classe A;13289218;79.900000
81.243.735/0001-48;2010-01-01;8;7303;PNA;Preferencial Classe A;0;0.000000
82.636.986/0001-55;2010-01-01;8;4913;PNA;Preferencial Classe A;25573174;100.000000
82.640.558/0001-04;2010-01-01;3;3894;PNA;Preferencial Classe A;0;0.000000
82.640.632/0001-84;2010-01-01;2;8345;PNA;Preferencial Classe A;0;0.000000
82.643.537/0001-34;2010-01-01;1;1349;PNA;Preferencial Classe A;821735;100.000000
82.981.671/0001-45;2010-01-01;2;3760;PNA;Preferencial Classe A;4620027;100.000000
82.981.812/0001-20;2010-01-01;1;2852;PNA;Preferencial Classe A;3206513;100.000000
83.878.892/0001-55;2010-01-01;3;4370;PNA;Preferencial Classe A;50493;99.620000
83.878.892/0001-55;2010-01-01;3;4370;PNB;Preferencial Classe B;22722501;98.820000
84.683.408/0001-03;2010-01-01;1;1340;PNA;Preferencial Classe A;0;0.000000
84.683.671/0001-94;2010-01-01;3;7277;PNA;Preferencial Classe A;0;0.000000
84.683.762/0001-20;2010-01-01;1;1669;PNA;Preferencial Classe A;0;0.000000
84.693.183/0001-68;2010-01-01;3;8539;PNU;Preferencial Classe U;25600370;70.040000
87.043.832/0001-73;2010-01-01;3;7360;PNA;Preferencial Classe A;0;0.000000
87.456.562/0001-22;2010-01-01;1;4703;PNA;Preferencial Classe A;0;0.000000
87.762.563/0001-03;2010-01-01;1;1596;PNA;Preferencial Classe A;3917377;65.830000
88.610.191/0001-54;2010-01-01;2;4807;PNU;Preferencial Classe U;17293312;75.970000
88.611.983/0001-43;2010-01-01;1;9936;PNA;Preferencial Classe A;0;0.000000
89.096.457/0001-55;2010-01-01;2;5096;PNCR;Preferencial Classe CR;0;0.000000
89.547.269/0001-04;2010-01-01;1;1651;PNA;Preferencial Classe A;3140;100.000000
89.637.490/0001-45;2010-01-01;7;7020;PNA;Preferencial Classe A;461109866;76.740000
91.820.068/0001-72;2010-01-01;1;1740;PNA;Preferencial Classe A;10935000;100.000000
91.983.056/0001-69;2010-01-01;8;6729;PNA;Preferencial Classe A;1057995;0.080855
91.983.056/0001-69;2010-01-01;8;6729;PNB;Preferencial Classe B;853532;0.065229
92.012.467/0001-70;2010-01-01;4;6609;PNA;Preferencial Classe A;0;0.000000
92.660.570/0001-26;2010-01-01;4;8306;PNA;Preferencial Classe A;0;0.000000
92.660.604/0001-82;2010-01-01;1;2996;PNA;Preferencial Classe A;0;0.000000
92.702.067/0001-96;2010-01-01;22;7440;PNA;Preferencial Classe A;911260;0.222815
92.702.067/0001-96;2010-01-01;22;7440;PNB;Preferencial Classe B;174211387;42.597129
92.715.812/0001-31;2010-01-01;5;6083;PNA;Preferencial Classe A;0;0.000000
92.721.232/0001-57;2010-01-01;2;7353;PNA;Preferencial Classe A;0;0.000000
92.802.784/0001-90;2010-01-01;7;6521;PNA;Preferencial Classe A;0;0.000000
92.929.520/0001-00;2010-01-01;1;2106;PNA;Preferencial Classe A;1208625;47.180000
92.929.520/0001-00;2010-01-01;1;2106;PNB;Preferencial Classe B;221175;34.540000
97.191.902/0001-94;2010-01-01;2;7646;PNA;Preferencial Classe A;1428517;12.656000
