CNPJ_Companhia;Data_Referencia;Versao;ID_Documento;ID_Capital_Social_Reducao;Tipo_Classe_Acao_Preferencial;Quantidade_Acoes
01.258.945/0001-70;2010-01-01;3;7113;1215;Preferencial Classe A;2273936
01.258.945/0001-70;2010-01-01;3;7113;1216;Preferencial Classe B;9831
07.253.321/0001-47;2010-01-01;2;1895;65;Preferencial Classe A;1
07.281.413/0001-30;2010-01-01;2;3469;533;Preferencial Classe A;3992
07.281.413/0001-30;2010-01-01;2;3469;533;Preferencial Classe B;594
07.281.413/0001-30;2010-01-01;2;3469;533;Preferencial Classe C;2237
08.665.255/0001-85;2010-01-01;3;3318;259;Preferencial Classe A;240817
15.101.405/0001-93;2010-01-01;3;7450;1220;Preferencial Classe E;15338
24.956.666/0001-86;2010-01-01;2;3317;258;Preferencial Classe A;1
28.500.320/0001-20;2010-01-01;3;5464;1098;Preferencial Classe A;1
33.200.049/0001-47;2010-01-01;1;2448;110;Preferencial Classe A;1
33.352.394/0001-04;2010-01-01;2;3228;238;Preferencial Classe A;1
33.433.665/0001-48;2010-01-01;4;6583;1141;Preferencial Classe A;1
33.858.168/0001-91;2010-01-01;2;1860;68;Preferencial Classe A;1
