CNPJ_Companhia;Data_Referencia;Versao;ID_Documento;Sigla_Classe_Acoes_Preferenciais;Classe_Acoes_Preferenciais;Quantidade_Acoes_Preferenciais_Circulacao;Percentual_Acoes_Preferenciais_Circulacao
00.001.180/0001-26;2016-01-01;13;65087;PNA;Preferencial Classe A;146920;100.000000
00.001.180/0001-26;2016-01-01;13;65087;PNB;Preferencial Classe B;228481466;86.077512
00.070.698/0001-11;2016-01-01;4;65116;PNA;Preferencial Classe A;1313002;100.000000
00.070.698/0001-11;2016-01-01;4;65116;PNB;Preferencial Classe B;1053503;17.798082
00.192.769/0001-59;2016-01-01;2;59618;PNA;Preferencial Classe A;0;0.000000
00.336.701/0001-04;2016-01-01;10;65188;PNA;Preferencial Classe A;0;0.000000
00.644.907/0001-93;2016-01-01;3;64901;PNA;Preferencial Classe A;16288514;4.240000
00.644.907/0001-93;2016-01-01;3;64901;PNB;Preferencial Classe B;5156240;1.340000
00.644.907/0001-93;2016-01-01;3;64901;PNC;Preferencial Classe C;107199382;27.900000
00.644.907/0001-93;2016-01-01;3;64901;PNR;Preferencial Classe R;255559826;66.520000
00.864.214/0001-06;2016-01-01;12;64720;PNA;Preferencial Classe A;0;0.000000
00.866.577/0001-80;2016-01-01;4;61348;PNA;Preferencial Classe A;0;0.000000
00.938.574/0001-05;2016-01-01;4;61206;PNA;Preferencial Classe A;34134;100.000000
01.104.937/0001-70;2016-01-01;5;64544;PNA;Preferencial Classe A;0;0.000000
01.258.944/0001-26;2016-01-01;5;65126;PNA;Preferencial Classe A;0;0.000000
01.258.945/0001-70;2016-01-01;4;65168;PNA;Preferencial Classe A;0;0.000000
01.417.222/0001-77;2016-01-01;12;64365;PNA;Preferencial Classe A;1055737;1.286289
01.417.222/0001-77;2016-01-01;12;64365;PNB;Preferencial Classe B;895635;1.286996
01.545.826/0001-07;2016-01-01;9;65939;PNA;Preferencial Classe A;0;0.000000
01.547.749/0001-16;2016-01-01;1;57017;PNA;Preferencial Classe A;0;0.000000
01.616.929/0001-02;2016-01-01;2;58156;PNA;Preferencial Classe A;11396;0.002452
01.654.604/0001-14;2016-01-01;1;57018;PNA;Preferencial Classe A;72480000;66.666666
01.851.771/0001-55;2016-01-01;5;64804;PNA;Preferencial Classe A;0;0.000000
01.938.783/0001-11;2016-01-01;6;65804;PNA;Preferencial Classe A;0;0.000000
02.016.439/0001-38;2016-01-01;10;65585;PNA;Preferencial Classe A;0;0.000000
02.016.440/0001-62;2016-01-01;8;65619;PNA;Preferencial Classe A;0;0.000000
02.062.747/0001-08;2016-01-01;6;64885;PNA;Preferencial Classe A;0;0.000000
02.105.040/0001-23;2016-01-01;16;65787;PNA;Preferencial Classe A;246;0.590651
02.201.787/0001-85;2016-01-01;1;57114;PNA;Preferencial Classe A;20;0.000000
02.201.787/0001-85;2016-01-01;1;57114;PNB;Preferencial Classe B;10;0.000000
02.217.319/0001-07;2016-01-01;6;64809;PNA;Preferencial Classe A;0;0.000000
02.281.836/0001-37;2016-01-01;9;64730;PNA;Preferencial Classe A;0;0.000000
02.281.836/0001-37;2016-01-01;9;64730;PNB;Preferencial Classe B;7413673;100.000000
02.351.144/0001-18;2016-01-01;6;64916;PNA;Preferencial Classe A;0;0.000000
02.366.097/0001-86;2016-01-01;4;64258;PNA;Preferencial Classe A;0;0.000000
02.382.073/0001-10;2016-01-01;4;64190;PNA;Preferencial Classe A;0;0.000000
02.451.848/0001-62;2016-01-01;9;64453;PNA;Preferencial Classe A;0;0.000000
02.474.103/0001-19;2016-01-01;14;64461;PNA;Preferencial Classe A;0;0.000000
02.502.844/0001-66;2016-01-01;5;65149;PNA;Preferencial Classe A;0;0.000000
02.509.491/0001-26;2016-01-01;5;65853;PNA;Preferencial Classe A;0;0.000000
02.535.295/0001-26;2016-01-01;3;59442;PNA;Preferencial Classe A;53393837;66.660000
02.555.926/0001-79;2016-01-01;5;64256;PNA;Preferencial Classe A;0;0.000000
02.604.997/0001-14;2016-01-01;1;56965;PNA;Preferencial Classe A;0;0.000000
02.682.287/0001-02;2016-01-01;2;58182;PNA;Preferencial Classe A;0;0.000000
02.724.983/0001-34;2016-01-01;3;62201;PNA;Preferencial Classe A;0;0.000000
02.762.113/0001-50;2016-01-01;2;65048;PNA;Preferencial Classe A;0;0.000000
02.762.113/0001-50;2016-01-01;2;65048;PNB;Preferencial Classe B;0;0.000000
02.796.775/0001-40;2016-01-01;3;64401;PNA;Preferencial Classe A;0;0.000000
02.800.026/0001-40;2016-01-01;13;65396;PNA;Preferencial Classe A;0;0.000000
02.992.449/0001-09;2016-01-01;5;64829;PNA;Preferencial Classe A;0;0.000000
02.998.611/0001-04;2016-01-01;17;62487;PNA;Preferencial Classe A;0;0.000000
03.303.999/0001-36;2016-01-01;5;65867;PNA;Preferencial Classe A;0;0.000000
03.758.318/0001-24;2016-01-01;17;65865;PNA;Preferencial Classe A;0;0.000000
03.767.538/0001-14;2016-01-01;13;64350;PNA;Preferencial Classe A;0;0.000000
03.795.050/0001-09;2016-01-01;6;64406;PNA;Preferencial Classe A;0;0.000000
03.847.461/0001-92;2016-01-01;16;65760;PNA;Preferencial Classe A;0;0.000000
04.038.763/0001-82;2016-01-01;4;65165;PNA;Preferencial Classe A;0;0.000000
04.089.570/0001-50;2016-01-01;4;63343;PNA;Preferencial Classe A;0;0.000000
04.149.454/0001-80;2016-01-01;10;65856;PNA;Preferencial Classe A;0;0.000000
04.370.450/0001-27;2016-01-01;3;58533;PNA;Preferencial Classe A;0;0.000000
04.437.534/0001-30;2016-01-01;15;64980;PNA;Preferencial Classe A;0;0.000000
04.821.041/0001-08;2016-01-01;9;65264;PNA;Preferencial Classe A;0;0.000000
04.895.728/0001-80;2016-01-01;16;64608;PNA;Preferencial Classe A;1820804;0.080000
04.895.728/0001-80;2016-01-01;16;64608;PNB;Preferencial Classe B;1085371;0.050000
04.895.728/0001-80;2016-01-01;16;64608;PNC;Preferencial Classe C;1085346;0.050000
04.912.242/0001-02;2016-01-01;1;56898;PNA;Preferencial Classe A;5535;100.000000
05.336.882/0001-84;2016-01-01;1;66429;PNA;Preferencial Classe A;0;0.000000
05.711.813/0001-03;2016-01-01;1;57477;PNA;Preferencial Classe A;0;0.000000
06.272.793/0001-84;2016-01-01;13;64625;PNA;Preferencial Classe A;470534;37.955000
06.272.793/0001-84;2016-01-01;13;64625;PNB;Preferencial Classe B;617046;37.955000
06.977.745/0001-91;2016-01-01;25;64339;PNA;Preferencial Classe A;0;0.000000
06.981.176/0001-58;2016-01-01;15;65890;PNA;Preferencial Classe A;0;0.000000
07.021.459/0001-10;2016-01-01;2;61513;PNA;Preferencial Classe A;0;0.000000
07.043.628/0001-13;2016-01-01;3;64820;PNA;Preferencial Classe A;0;0.000000
07.047.251/0001-70;2016-01-01;7;64701;PNA;Preferencial Classe A;17639039;62.433109
07.047.251/0001-70;2016-01-01;7;64701;PNB;Preferencial Classe B;1534238;99.972372
07.206.816/0001-15;2016-01-01;9;64466;PNA;Preferencial Classe A;0;0.000000
07.253.321/0001-47;2016-01-01;1;56888;PNA;Preferencial Classe A;66000;100.000000
07.275.159/0001-68;2016-01-01;1;56752;PNA;Preferencial Classe A;226530;13.550000
07.275.159/0001-68;2016-01-01;1;56752;PNB;Preferencial Classe B;536835;32.100000
07.275.159/0001-68;2016-01-01;1;56752;PNC;Preferencial Classe C;908881;54.350000
07.689.002/0001-89;2016-01-01;15;64377;PNA;Preferencial Classe A;0;0.000000
07.710.591/0001-30;2016-01-01;5;64776;PNA;Preferencial Classe A;0;0.000000
07.857.850/0001-50;2016-01-01;9;64991;PNA;Preferencial Classe A;66786446;100.000000
07.859.971/0001-30;2016-01-01;18;64590;PNA;Preferencial Classe A;369136468;83.370000
08.065.557/0001-12;2016-01-01;13;64863;PNA;Preferencial Classe A;0;0.000000
08.312.229/0001-73;2016-01-01;5;65692;PNA;Preferencial Classe A;0;0.000000
08.324.196/0001-81;2016-01-01;9;63462;PNA;Preferencial Classe A;365316;1.770000
08.324.196/0001-81;2016-01-01;9;63462;PNB;Preferencial Classe B;229411;1.290000
08.402.943/0001-52;2016-01-01;9;64649;PNA;Preferencial Classe A;3206067;10.280000
08.424.178/0001-71;2016-01-01;2;56762;PNA;Preferencial Classe A;286075;27.900000
08.424.178/0001-71;2016-01-01;2;56762;PNB;Preferencial Classe B;137;0.000001
08.424.178/0001-71;2016-01-01;2;56762;PNC;Preferencial Classe C;739685;61.288888
08.613.550/0001-98;2016-01-01;11;62173;PNA;Preferencial Classe A;0;0.000000
08.653.753/0001-08;2016-01-01;1;57159;PNA;Preferencial Classe A;0;0.000000
08.684.547/0001-65;2016-01-01;19;65982;PNA;Preferencial Classe A;0;0.000000
08.741.499/0001-08;2016-01-01;15;66033;PNA;Preferencial Classe A;0;0.000000
08.773.191/0001-36;2016-01-01;9;65972;PNA;Preferencial Classe A;0;0.000000
08.807.432/0001-10;2016-01-01;21;65898;PNA;Preferencial Classe A;0;0.000000
08.827.501/0001-58;2016-01-01;6;64632;PNA;Preferencial Classe A;0;0.000000
08.884.213/0001-35;2016-01-01;6;64807;PNA;Preferencial Classe A;0;0.000000
08.935.054/0001-50;2016-01-01;8;76197;PNB;Preferencial Classe B;11293745;100.000000
08.937.002/0001-13;2016-01-01;1;56016;PNA;Preferencial Classe A;0;0.000000
09.041.168/0001-10;2016-01-01;4;61620;PNA;Preferencial Classe A;0;0.000000
09.116.278/0001-01;2016-01-01;3;60204;PNA;Preferencial Classe A;461266;11.000000
09.116.278/0001-01;2016-01-01;3;60204;PNB;Preferencial Classe B;72447;2.000000
09.116.278/0001-01;2016-01-01;3;60204;PNC;Preferencial Classe C;82043;2.000000
09.116.278/0001-01;2016-01-01;3;60204;PND;Preferencial Classe D;3457776;85.000000
09.324.949/0001-11;2016-01-01;8;64465;PNA;Preferencial Classe A;0;0.000000
09.325.109/0001-73;2016-01-01;9;64395;PNA;Preferencial Classe A;0;0.000000
09.336.431/0001-06;2016-01-01;8;64326;PNA;Preferencial Classe A;0;0.000000
09.358.105/0001-91;2016-01-01;20;64661;PNA;Preferencial Classe A;0;0.000000
10.324.624/0001-18;2016-01-01;10;64160;PNA;Preferencial Classe A;0;0.000000
10.603.674/0001-34;2016-01-01;1;57488;PNA;Preferencial Classe A;0;0.000000
10.629.105/0001-68;2016-01-01;6;65907;PNA;Preferencial Classe A;0;0.000000
10.747.021/0001-29;2016-01-01;3;64722;PNA;Preferencial Classe A;0;0.000000
10.753.164/0001-43;2016-01-01;15;62586;PNA;Preferencial Classe A;0;0.000000
10.835.932/0001-08;2016-01-01;14;65353;PNA;Preferencial Classe A;7102982;93.864723
10.835.932/0001-08;2016-01-01;14;65353;PNB;Preferencial Classe B;342066;46.073156
10.841.050/0001-55;2016-01-01;11;65852;PNA;Preferencial Classe A;0;0.000000
11.257.352/0001-43;2016-01-01;1;57462;PNA;Preferencial Classe A;0;0.000000
11.284.204/0001-18;2016-01-01;2;59291;PNE;Preferencial Classe E;0;0.000000
11.423.623/0001-93;2016-01-01;4;64954;PNA;Preferencial Classe A;0;0.000000
11.716.471/0001-17;2016-01-01;1;52691;PNA;Preferencial Classe A;0;0.000000
11.716.471/0001-17;2016-01-01;2;59961;PNA;Preferencial Classe A;0;0.000000
12.078.880/0001-06;2016-01-01;1;57045;PNA;Preferencial Classe A;0;0.000000
12.919.786/0001-24;2016-01-01;4;65041;PNA;Preferencial Classe A;0;0.000000
12.979.898/0001-70;2016-01-01;6;62414;PNA;Preferencial Classe A;0;0.000000
13.009.717/0001-46;2016-01-01;13;64306;PNA;Preferencial Classe A;0;0.000000
14.308.514/0001-13;2016-01-01;3;64783;PNA;Preferencial Classe A;9645;100.000000
14.333.683/0001-03;2016-01-01;2;64080;PNA;Preferencial Classe A;0;0.000000
14.388.334/0001-99;2016-01-01;14;64630;PNA;Preferencial Classe A;0;0.000000
14.962.356/0001-10;2016-01-01;1;56821;PNA;Preferencial Classe A;0;0.000000
14.998.371/0001-19;2016-01-01;12;65031;PNA;Preferencial Classe A;10334449;99.987064
14.998.371/0001-19;2016-01-01;12;65031;PNB;Preferencial Classe B;1337;0.012936
15.011.696/0001-29;2016-01-01;1;58670;PNA;Preferencial Classe A;0;0.000000
15.073.274/0001-88;2016-01-01;10;66081;PNA;Preferencial Classe A;211662943;76.862710
15.073.274/0001-88;2016-01-01;10;66081;PNB;Preferencial Classe B;423325886;76.862710
15.073.274/0001-88;2016-01-01;10;66081;PNC;Preferencial Classe C;0;0.000000
15.073.274/0001-88;2016-01-01;10;66081;PND;Preferencial Classe D;0;100.000000
15.115.504/0001-24;2016-01-01;2;60022;PNA;Preferencial Classe A;9873790;43.000000
15.115.504/0001-24;2016-01-01;2;60022;PNB;Preferencial Classe B;5214489;22.000000
15.139.629/0001-94;2016-01-01;11;64396;PNA;Preferencial Classe A;305419;1.561642
15.144.017/0001-90;2016-01-01;3;64214;PNA;Preferencial Classe A;1452719;37.831223
15.527.906/0001-36;2016-03-31;6;59306;PNA;Preferencial Classe A;0;0.000000
15.578.569/0001-06;2016-01-01;20;65427;PNA;Preferencial Classe A;0;0.000000
15.914.972/0001-69;2016-01-01;5;59390;PNA;Preferencial Classe A;0;0.000000
16.234.171/0001-15;2016-01-01;2;57628;PNA;Preferencial Classe A;87595802;29.590000
16.234.171/0001-15;2016-01-01;2;57628;PNB;Preferencial Classe B;9819517;3.320000
16.234.171/0001-15;2016-01-01;2;57628;PNC;Preferencial Classe C;99970883;33.760000
16.404.287/0001-55;2016-01-01;23;65978;PNA;Preferencial Classe A;388624863;52.899348
16.404.287/0001-55;2016-01-01;23;65978;PNB;Preferencial Classe B;9539;0.491494
16.590.234/0001-76;2016-01-01;9;65089;PNA;Preferencial Classe A;0;0.000000
16.670.085/0001-55;2016-01-01;7;64951;PNA;Preferencial Classe A;0;0.000000
17.162.082/0001-73;2016-01-01;1;57178;PNA;Preferencial Classe A;149876;1.453782
17.162.082/0001-73;2016-01-01;1;57178;PNB;Preferencial Classe B;163737;1.588222
17.167.396/0001-69;2016-01-01;4;64499;PNA;Preferencial Classe A;6335281;44.259701
17.167.396/0001-69;2016-01-01;4;64499;PNB;Preferencial Classe B;12327147;50.610792
17.167.412/0001-13;2016-01-01;7;64491;PNA;Preferencial Classe A;18982615;100.000000
17.184.037/0001-10;2016-01-01;12;64184;PNA;Preferencial Classe A;0;0.000000
17.193.806/0001-46;2016-01-01;4;64500;PNA;Preferencial Classe A;90035;54.587840
17.193.806/0001-46;2016-01-01;4;64500;PNB;Preferencial Classe B;1046589;44.912759
17.193.806/0001-46;2016-01-01;4;64500;PNC;Preferencial Classe C;93239;42.407772
17.193.806/0001-46;2016-01-01;4;64500;PND;Preferencial Classe D;809388;39.299894
17.193.806/0001-46;2016-01-01;4;64500;PNE;Preferencial Classe E;2550063;37.726481
17.193.806/0001-46;2016-01-01;4;64500;PNF;Preferencial Classe F;6960843;32.051734
17.234.244/0001-31;2016-01-01;4;64729;PNA;Preferencial Classe A;0;0.000000
19.726.048/0001-00;2016-01-01;9;64128;PNA;Preferencial Classe A;0;0.000000
20.445.827/0001-16;2016-01-01;1;57448;PNA;Preferencial Classe A;0;0.000000
21.314.559/0001-66;2016-01-01;15;65014;PNA;Preferencial Classe A;0;0.000000
21.414.457/0001-12;2016-01-01;1;57267;PNA;Preferencial Classe A;0;0.000000
21.610.416/0001-00;2016-01-01;1;57428;PNA;Preferencial Classe A;0;0.000000
22.543.331/0001-00;2016-01-01;10;64960;PNA;Preferencial Classe A;0;0.000000
22.770.366/0001-82;2016-01-01;4;66075;PNA;Preferencial Classe A;439064;17.224971
24.962.466/0001-36;2016-01-01;8;65093;PNA;Preferencial Classe A;4324161;6.232496
24.962.466/0001-36;2016-01-01;8;65093;PNB;Preferencial Classe B;737396;14.374917
25.089.509/0001-83;2016-01-01;5;66949;PNA;Preferencial Classe A;0;0.000000
25.089.509/0001-83;2016-01-01;5;66949;PNB;Preferencial Classe B;0;0.000000
25.329.319/0001-96;2016-01-01;2;59894;PNA;Preferencial Classe A;0;0.000000
26.386.169/0001-15;2016-01-01;4;64644;PNA;Preferencial Classe A;0;0.000000
28.195.667/0001-06;2016-01-01;15;64721;PNA;Preferencial Classe A;0;0.000000
30.540.991/0001-66;2016-01-01;2;57573;PNA;Preferencial Classe A;0;0.000000
31.895.683/0001-16;2016-01-01;1;55694;PNA;Preferencial Classe A;0;0.000000
33.014.556/0001-96;2016-01-01;11;61908;PNA;Preferencial Classe A;0;0.000000
33.040.601/0001-87;2016-01-01;5;64639;PNA;Preferencial Classe A;0;0.000000
33.050.196/0001-88;2016-01-01;9;65616;PNA;Preferencial Classe A;0;0.000000
33.050.196/0001-88;2016-01-01;9;65616;PNB;Preferencial Classe B;0;0.000000
33.050.196/0001-88;2016-01-01;9;65616;PNC;Preferencial Classe C;0;0.000000
33.102.476/0001-92;2016-01-01;2;61556;PNA;Preferencial Classe A;0;0.000000
33.200.049/0001-47;2016-01-01;4;65361;PNA;Preferencial Classe A;2369881;30.019416
33.228.024/0001-51;2016-01-01;8;65819;PNA;Preferencial Classe A;0;0.000000
33.256.439/0001-39;2016-01-01;5;65896;PNA;Preferencial Classe A;0;0.000000
33.352.394/0001-04;2016-01-01;6;64963;PNA;Preferencial Classe A;0;0.000000
33.386.210/0001-19;2016-01-01;2;64676;PNA;Preferencial Classe A;314828;36.779000
33.386.210/0001-19;2016-01-01;2;64676;PNB;Preferencial Classe B;577520;67.467300
33.541.368/0001-16;2016-01-01;5;64894;PNA;Preferencial Classe A;0;0.000000
33.592.510/0001-54;2016-01-01;20;65918;PNA;Preferencial Classe A;1945373882;95.970000
33.611.500/0001-19;2016-01-01;11;65968;PNA;Preferencial Classe A;0;0.000000
33.937.681/0001-78;2016-01-01;1;57447;PNA;Preferencial Classe A;0;0.000000
33.958.695/0001-78;2016-01-01;7;64971;PNA;Preferencial Classe A;2122399;81.923450
33.958.695/0001-78;2016-01-01;7;64971;PNB;Preferencial Classe B;40383881;76.039007
34.169.557/0001-72;2016-01-01;15;64907;PNA;Preferencial Classe A;0;0.000000
34.265.561/0001-34;2016-01-01;1;57100;PNA;Preferencial Classe A;0;0.000000
39.115.514/0001-28;2016-01-01;5;65147;PNA;Preferencial Classe A;0;0.000000
42.150.391/0001-70;2016-01-01;19;68560;PNA;Preferencial Classe A;264585722;76.690000
42.150.391/0001-70;2016-01-01;19;68560;PNB;Preferencial Classe B;593618;100.000000
42.278.291/0001-24;2016-01-01;14;64818;PNA;Preferencial Classe A;0;0.000000
42.331.462/0001-31;2016-01-01;6;64879;PNA;Preferencial Classe A;1603205;15.658300
45.987.245/0001-92;2016-01-01;6;64788;PNA;Preferencial Classe A;0;0.000000
47.509.120/0001-82;2016-01-01;7;65047;PNA;Preferencial Classe A;0;0.000000
51.928.174/0001-50;2016-01-01;6;64560;PNA;Preferencial Classe A;0;0.000000
53.790.218/0001-53;2016-01-01;13;64956;PNA;Preferencial Classe A;0;0.000000
56.643.018/0001-66;2016-01-01;4;64927;PNA;Preferencial Classe A;56473369;92.000000
56.992.423/0001-90;2016-01-01;1;55537;PNA;Preferencial Classe A;0;0.000000
58.119.199/0001-51;2016-01-01;12;63785;PNA;Preferencial Classe A;0;0.000000
59.105.999/0001-86;2016-01-01;2;64955;PNA;Preferencial Classe A;0;0.000000
59.789.545/0001-71;2016-01-01;4;65225;PNA;Preferencial Classe A;0;0.000000
60.444.437/0001-46;2016-01-01;2;57792;PNA;Preferencial Classe A;0;0.000000
60.476.884/0001-87;2016-01-01;5;64811;PNA;Preferencial Classe A;0;0.000000
60.543.816/0001-93;2016-01-01;13;64957;PNA;Preferencial Classe A;0;0.000000
60.637.238/0001-54;2016-01-01;4;68561;PNA;Preferencial Classe A;743294;66.665882
60.643.228/0001-21;2016-01-01;16;63629;PNA;Preferencial Classe A;0;0.000000
60.730.348/0001-66;2016-01-01;3;65259;PNA;Preferencial Classe A;425497;55.020000
60.770.336/0001-65;2016-01-01;7;64492;PNA;Preferencial Classe A;12754369;36.318138
60.840.055/0001-31;2016-01-01;10;65107;PNA;Preferencial Classe A;0;0.000000
60.851.615/0001-53;2016-01-01;3;65930;PNA;Preferencial Classe A;977179;79.381426
60.894.730/0001-05;2016-01-01;10;64961;PNA;Preferencial Classe A;481382726;94.680000
60.894.730/0001-05;2016-01-01;10;64961;PNB;Preferencial Classe B;78463;100.000000
60.933.603/0001-78;2016-01-01;22;64919;PNA;Preferencial Classe A;7399122;100.000000
60.933.603/0001-78;2016-01-01;22;64919;PNB;Preferencial Classe B;182007131;86.282800
61.079.117/0001-05;2016-01-01;19;65988;PNA;Preferencial Classe A;0;0.000000
61.082.004/0001-50;2016-01-01;4;64922;PNA;Preferencial Classe A;10777705;97.424172
61.088.894/0001-08;2016-01-01;3;65010;PNA;Preferencial Classe A;0;0.000000
61.156.113/0001-75;2016-01-01;14;64582;PNA;Preferencial Classe A;0;0.000000
61.351.532/0001-68;2016-01-01;7;65836;PNA;Preferencial Classe A;0;0.000000
61.374.161/0001-30;2016-01-01;1;57467;PNA;Preferencial Classe A;2145800;0.000000
61.486.650/0001-83;2016-01-01;11;64792;PNA;Preferencial Classe A;0;0.000000
61.695.227/0001-93;2016-01-01;24;65957;PNA;Preferencial Classe A;0;0.000000
61.856.571/0001-17;2016-01-01;17;64691;PNA;Preferencial Classe A;23073103;83.805484
62.002.886/0001-60;2016-01-01;16;68834;PNA;Preferencial Classe A;37872;0.731301
62.002.886/0001-60;2016-01-01;16;68834;PNB;Preferencial Classe B;58820;1.135802
62.144.175/0001-20;2016-01-01;14;65320;PNA;Preferencial Classe A;0;0.000000
62.232.889/0001-90;2016-01-01;2;59462;PNA;Preferencial Classe A;0;0.000000
65.654.303/0001-73;2016-01-01;6;64755;PNA;Preferencial Classe A;0;0.000000
67.010.660/0001-24;2016-01-01;10;65876;PNA;Preferencial Classe A;0;0.000000
67.571.414/0001-41;2016-01-01;5;59987;PNA;Preferencial Classe A;0;0.000000
69.720.910/0001-45;2016-01-01;1;57204;PNA;Preferencial Classe A;0;0.000000
71.208.516/0001-74;2016-01-01;4;61490;PNA;Preferencial Classe A;17140;29.700000
71.208.516/0001-74;2016-01-01;4;61490;PNB;Preferencial Classe B;1554;7.210000
71.550.388/0001-42;2016-01-01;15;61371;PNA;Preferencial Classe A;0;0.000000
73.178.600/0001-18;2016-01-01;12;65346;PNA;Preferencial Classe A;0;0.000000
74.409.467/0001-26;2016-01-01;2;57701;PNA;Preferencial Classe A;0;0.000000
76.483.817/0001-20;2016-01-01;11;65964;PNA;Preferencial Classe A;328627;100.000000
76.483.817/0001-20;2016-01-01;11;65964;PNB;Preferencial Classe B;101013662;78.735053
76.535.764/0001-43;2016-01-01;26;65101;PNA;Preferencial Classe A;0;0.000000
82.508.433/0001-17;2016-01-01;7;64558;PNA;Preferencial Classe A;16133;0.004512
82.636.986/0001-55;2016-01-01;8;65833;PNA;Preferencial Classe A;0;0.000000
82.640.632/0001-84;2016-01-01;2;64279;PNA;Preferencial Classe A;0;0.000000
82.641.325/0001-18;2016-01-01;11;64738;PNA;Preferencial Classe A;0;0.000000
82.643.537/0001-34;2016-01-01;5;59389;PNA;Preferencial Classe A;1275000;56.666667
83.475.913/0001-91;2016-01-01;9;65891;PNA;Preferencial Classe A;0;0.000000
84.683.408/0001-03;2016-01-01;2;65062;PNA;Preferencial Classe A;0;0.000000
84.693.183/0001-68;2016-01-01;5;64726;PNU;Preferencial Classe U;28700975;78.524466
85.041.333/0001-11;2016-01-01;1;55803;PNA;Preferencial Classe A;0;0.000000
85.778.074/0001-06;2016-01-01;1;56896;PNA;Preferencial Classe A;139898;100.000000
86.375.425/0001-09;2016-01-01;3;62260;PNA;Preferencial Classe A;0;0.000000
87.043.832/0001-73;2016-01-01;2;64893;PNA;Preferencial Classe A;0;0.000000
87.762.563/0001-03;2016-01-01;2;61215;PNA;Preferencial Classe A;3826275;64.300000
88.613.658/0001-10;2016-06-30;5;60373;PNA;Preferencial Classe A;29728940;100.000000
89.086.144/0001-16;2016-01-01;20;64913;PNA;Preferencial Classe A;0;0.000000
89.096.457/0001-55;2016-01-01;10;66005;PNA;Preferencial Classe A;0;0.000000
89.547.269/0001-04;2016-01-01;1;57429;PNA;Preferencial Classe A;2911;45.200000
89.637.490/0001-45;2016-01-01;14;65037;PNA;Preferencial Classe A;0;0.000000
90.400.888/0001-42;2016-01-01;16;63085;PNA;Preferencial Classe A;0;0.000000
90.441.460/0001-48;2016-01-01;10;64457;PNA;Preferencial Classe A;0;0.000000
91.820.068/0001-72;2016-01-01;1;57202;PNA;Preferencial Classe A;1673578;14.030000
92.012.467/0001-70;2016-01-01;8;65904;PNA;Preferencial Classe A;0;0.000000
92.660.570/0001-26;2016-01-01;4;64944;PNA;Preferencial Classe A;0;0.000000
92.665.611/0001-77;2016-01-01;6;65073;PNA;Preferencial Classe A;0;0.000000
92.693.019/0001-89;2016-01-01;5;64708;PNA;Preferencial Classe A;0;0.000000
92.702.067/0001-96;2016-01-01;19;65901;PNA;Preferencial Classe A;792564;22.554057
92.702.067/0001-96;2016-01-01;19;65901;PNB;Preferencial Classe B;174315260;86.982477
92.715.812/0001-31;2016-01-01;8;64941;PNA;Preferencial Classe A;0;0.000000
92.721.232/0001-57;2016-01-01;2;57067;PNA;Preferencial Classe A;0;0.000000
92.802.784/0001-90;2016-01-01;4;64822;PNA;Preferencial Classe A;0;0.000000
92.929.520/0001-00;2016-01-01;3;65046;PNA;Preferencial Classe A;12044150;47.016900
92.929.520/0001-00;2016-01-01;3;65046;PNB;Preferencial Classe B;2211750;34.536145
97.191.902/0001-94;2016-01-01;3;63612;PNA;Preferencial Classe A;0;0.000000
