CNPJ_Companhia;Data_Referencia;Versao;ID_Documento;ID_Capital_Social_Reducao;Tipo_Classe_Acao_Preferencial;Quantidade_Acoes
01.258.945/0001-70;2016-01-01;4;65168;7939;Preferencial Classe B;9831
01.258.945/0001-70;2016-01-01;4;65168;7940;Preferencial Classe A;117102
02.762.113/0001-50;2016-01-01;2;65048;7929;Preferencial Classe A;417
02.762.113/0001-50;2016-01-01;2;65048;7929;Preferencial Classe B;190
07.253.321/0001-47;2016-01-01;1;56888;7193;Preferencial Classe A;1
33.352.394/0001-04;2016-01-01;6;64963;7921;Preferencial Classe A;90050693404
62.002.886/0001-60;2016-01-01;16;68834;8437;Preferencial Classe A;2939
62.002.886/0001-60;2016-01-01;16;68834;8437;Preferencial Classe B;419
