CNPJ_Companhia;Data_Referencia;Versao;ID_Documento;Sigla_Classe_Acoes_Preferenciais;Classe_Acoes_Preferenciais;Quantidade_Acoes_Preferenciais_Circulacao;Percentual_Acoes_Preferenciais_Circulacao
00.001.180/0001-26;2012-01-01;14;28057;PNA;Preferencial Classe A;146920;100.000000
00.001.180/0001-26;2012-01-01;14;28057;PNB;Preferencial Classe B;219262258;82.604292
00.070.698/0001-11;2012-01-01;7;26852;PNA;Preferencial Classe A;1313002;14.297500
00.070.698/0001-11;2012-01-01;7;26852;PNB;Preferencial Classe B;1028423;11.198600
00.336.701/0001-04;2012-01-01;8;25980;PNA;Preferencial Classe A;0;0.000000
00.359.742/0001-08;2012-01-01;1;18584;PNA;Preferencial Classe A;0;0.000000
00.545.378/0001-70;2012-01-01;2;21606;PNA;Preferencial Classe A;0;0.000000
00.644.907/0001-93;2012-01-01;6;26144;PNA;Preferencial Classe A;8281000;10.410000
00.644.907/0001-93;2012-01-01;6;26144;PNC;Preferencial Classe C;71252174;89.590000
00.866.577/0001-80;2012-01-01;4;23676;PNA;Preferencial Classe A;0;0.000000
00.938.574/0001-05;2012-01-01;7;26645;PNA;Preferencial Classe A;34134;100.000000
01.104.937/0001-70;2012-01-01;2;26865;PNA;Preferencial Classe A;0;0.000000
01.258.945/0001-70;2012-01-01;3;26959;PNA;Preferencial Classe A;0;0.000000
01.417.222/0001-77;2012-01-01;16;26441;PNA;Preferencial Classe A;35055737;42.711200
01.417.222/0001-77;2012-01-01;16;26441;PNB;Preferencial Classe B;895635;1.287000
01.545.826/0001-07;2012-01-01;15;28336;PNA;Preferencial Classe A;0;0.000000
01.547.749/0001-16;2012-01-01;3;21718;PNA;Preferencial Classe A;0;0.000000
01.616.929/0001-02;2012-01-01;1;19470;PNA;Preferencial Classe A;11396;0.002902
01.654.604/0001-14;2012-01-01;2;26675;PNA;Preferencial Classe A;58947366;66.666666
01.858.774/0001-10;2012-01-01;6;26471;PNA;Preferencial Classe A;0;0.000000
02.016.440/0001-62;2012-01-01;12;26697;PNA;Preferencial Classe A;0;0.000000
02.062.747/0001-08;2012-01-01;3;23185;PNA;Preferencial Classe A;0;0.000000
02.105.040/0001-23;2012-01-01;9;23461;PNA;Preferencial Classe A;0;0.000000
02.193.750/0001-52;2012-01-01;16;31188;PNA;Preferencial Classe A;0;0.000000
02.201.787/0001-85;2012-01-01;1;18560;PNA;Preferencial Classe A;20;0.000000
02.201.787/0001-85;2012-01-01;1;18560;PNB;Preferencial Classe B;10;0.000000
02.221.531/0001-30;2012-01-01;6;21979;PNA;Preferencial Classe A;1433066666;100.000000
02.291.077/0001-93;2012-01-01;2;20994;PNA;Preferencial Classe A;0;0.000000
02.366.097/0001-86;2012-01-01;4;24034;PNA;Preferencial Classe A;0;0.000000
02.390.206/0001-09;2012-01-01;2;27116;PNA;Preferencial Classe A;0;0.000000
02.429.144/0001-93;2012-01-01;12;26677;PNA;Preferencial Classe A;0;0.000000
02.451.848/0001-62;2012-01-01;20;26606;PNA;Preferencial Classe A;0;0.000000
02.474.103/0001-19;2012-01-01;8;26745;PNA;Preferencial Classe A;0;0.000000
02.509.491/0001-26;2012-01-01;9;24020;PNA;Preferencial Classe A;0;0.000000
02.535.295/0001-26;2012-01-01;3;19913;PNA;Preferencial Classe A;60505285;60.000000
02.541.982/0001-54;2012-01-01;12;24273;PNA;Preferencial Classe A;0;0.000000
02.555.926/0001-79;2012-01-01;6;24118;PNA;Preferencial Classe A;0;0.000000
02.724.983/0001-34;2012-01-01;2;30627;PNA;Preferencial Classe A;0;0.000000
02.762.113/0001-50;2012-01-01;18;27146;PNA;Preferencial Classe A;0;0.000000
02.762.113/0001-50;2012-01-01;18;27146;PNB;Preferencial Classe B;0;0.000000
02.808.708/0001-07;2012-01-01;13;28195;PNA;Preferencial Classe A;0;0.000000
02.950.811/0001-89;2012-01-01;10;26976;PNA;Preferencial Classe A;0;0.000000
02.998.611/0001-04;2012-01-01;10;26505;PNA;Preferencial Classe A;0;0.000000
03.076.274/0001-52;2012-01-01;2;23106;PNA;Preferencial Classe A;0;0.000000
03.795.050/0001-09;2012-01-01;10;27652;PNA;Preferencial Classe A;0;0.000000
03.847.461/0001-92;2012-01-01;5;27014;PNA;Preferencial Classe A;0;0.000000
04.038.763/0001-82;2012-01-01;3;27050;PNA;Preferencial Classe A;0;0.000000
04.172.213/0001-51;2012-01-01;11;27108;PNA;Preferencial Classe A;0;0.000000
04.370.450/0001-27;2012-01-01;3;27006;PNA;Preferencial Classe A;0;0.000000
04.821.041/0001-08;2012-01-01;9;27046;PNA;Preferencial Classe A;0;0.000000
04.912.242/0001-02;2012-01-01;1;18262;PNA;Preferencial Classe A;5535;100.000000
05.336.882/0001-84;2012-01-01;1;18973;PNA;Preferencial Classe A;0;0.000000
05.918.309/0001-89;2012-01-01;1;18763;PNA;Preferencial Classe A;0;0.000000
06.018.000/0001-03;2012-01-01;4;24738;PNA;Preferencial Classe A;0;0.000000
06.082.980/0001-03;2012-01-01;19;26375;PNA;Preferencial Classe A;0;0.000000
06.272.793/0001-84;2012-01-01;4;26838;PNA;Preferencial Classe A;470536;37.970000
06.272.793/0001-84;2012-01-01;4;26838;PNB;Preferencial Classe B;617046;37.955000
06.349.242/0001-71;2012-01-01;4;27027;PNA;Preferencial Classe A;0;0.000000
06.977.751/0001-49;2012-01-01;18;28135;PNA;Preferencial Classe A;0;0.000000
06.981.176/0001-58;2012-01-01;7;27958;PNA;Preferencial Classe A;0;0.000000
06.981.180/0001-16;2012-01-01;15;27951;PNA;Preferencial Classe A;0;0.000000
07.021.459/0001-10;2012-01-01;3;25864;PNA;Preferencial Classe A;0;0.000000
07.047.251/0001-70;2012-01-01;11;27245;PNA;Preferencial Classe A;26482700;94.520000
07.047.251/0001-70;2012-01-01;11;27245;PNB;Preferencial Classe B;1534662;5.480000
07.253.321/0001-47;2012-01-01;1;18159;PNA;Preferencial Classe A;66000;100.000000
07.275.159/0001-68;2012-01-01;1;18110;PNA;Preferencial Classe A;226530;13.550000
07.275.159/0001-68;2012-01-01;1;18110;PNB;Preferencial Classe B;536835;32.100000
07.275.159/0001-68;2012-01-01;1;18110;PNC;Preferencial Classe C;908881;54.350000
07.332.190/0001-93;2012-01-01;5;27515;PNA;Preferencial Classe A;181147;23.460000
07.332.190/0001-93;2012-01-01;5;27515;PNB;Preferencial Classe B;219028;1.100000
07.620.094/0001-40;2012-01-01;9;27655;PNA;Preferencial Classe A;0;0.000000
07.620.094/0001-40;2012-01-01;9;27655;PNB;Preferencial Classe B;0;0.000000
07.628.528/0001-59;2012-06-30;10;23113;PNA;Preferencial Classe A;0;0.000000
07.659.538/0001-51;2012-01-01;2;18511;PNB;Preferencial Classe B;0;0.000000
07.689.002/0001-89;2012-01-01;10;26447;PNA;Preferencial Classe A;0;0.000000
07.710.591/0001-30;2012-01-01;3;27079;PNA;Preferencial Classe A;0;0.000000
07.825.881/0001-29;2012-01-01;2;19455;PNA;Preferencial Classe A;0;0.000000
07.857.850/0001-50;2012-01-01;6;27588;PNA;Preferencial Classe A;115132249;87.870000
07.957.093/0001-96;2012-01-01;15;24449;PNA;Preferencial Classe A;0;0.000000
08.253.728/0001-37;2012-01-01;1;18656;PNA;Preferencial Classe A;0;0.000000
08.281.683/0001-04;2012-01-01;4;23525;PNA;Preferencial Classe A;0;0.000000
08.312.229/0001-73;2012-01-01;6;28123;PNA;Preferencial Classe A;0;0.000000
08.324.196/0001-81;2012-01-01;7;26653;PNA;Preferencial Classe A;365316;1.770000
08.324.196/0001-81;2012-01-01;7;26653;PNB;Preferencial Classe B;229411;1.290000
08.364.948/0001-38;2012-01-01;5;24139;PNA;Preferencial Classe A;0;0.000000
08.402.943/0001-52;2012-01-01;4;27025;PNA;Preferencial Classe A;3206067;10.280000
08.424.178/0001-71;2012-01-01;3;26023;PNA;Preferencial Classe A;286075;27.900000
08.424.178/0001-71;2012-01-01;3;26023;PNB;Preferencial Classe B;137;0.000001
08.424.178/0001-71;2012-01-01;3;26023;PNC;Preferencial Classe C;739685;61.288888
08.467.115/0001-00;2012-01-01;5;26432;PNA;Preferencial Classe A;0;0.000000
08.613.550/0001-98;2012-01-01;8;24809;PNA;Preferencial Classe A;0;0.000000
08.653.753/0001-08;2012-01-01;2;21530;PNA;Preferencial Classe A;0;0.000000
08.807.432/0001-10;2012-01-01;24;28018;PNA;Preferencial Classe A;0;0.000000
08.835.366/0001-92;2012-01-01;10;26146;PNA;Preferencial Classe A;0;0.000000
08.884.213/0001-35;2012-01-01;6;28365;PNA;Preferencial Classe A;0;0.000000
08.887.330/0001-52;2012-03-31;4;12863;PNB;Preferencial Classe B;0;0.000000
08.904.552/0001-36;2012-01-01;14;28055;PNA;Preferencial Classe A;42321525;98.720000
08.935.054/0001-50;2012-01-01;3;29437;PNA;Preferencial Classe A;497768;22.373928
08.937.002/0001-13;2012-01-01;3;23317;PNA;Preferencial Classe A;0;0.000000
09.074.183/0001-64;2012-01-01;3;22863;PNA;Preferencial Classe A;0;0.000000
09.112.685/0001-32;2012-01-01;21;24813;PNA;Preferencial Classe A;0;0.000000
09.116.278/0001-01;2012-01-01;1;18335;PNA;Preferencial Classe A;461266;11.000000
09.116.278/0001-01;2012-01-01;1;18335;PNB;Preferencial Classe B;72447;2.000000
09.116.278/0001-01;2012-01-01;1;18335;PNC;Preferencial Classe C;82043;2.000000
09.116.278/0001-01;2012-01-01;1;18335;PND;Preferencial Classe D;3457776;85.000000
09.191.251/0001-75;2012-01-01;7;24998;PNA;Preferencial Classe A;0;0.000000
09.257.877/0001-37;2012-01-01;2;26590;PNA;Preferencial Classe A;0;0.000000
09.324.949/0001-11;2012-01-01;7;27972;PNA;Preferencial Classe A;0;0.000000
09.325.109/0001-73;2012-01-01;9;24158;PNA;Preferencial Classe A;0;0.000000
09.336.431/0001-06;2012-01-01;6;24017;PNA;Preferencial Classe A;0;0.000000
10.324.624/0001-18;2012-01-01;7;23421;PNA;Preferencial Classe A;0;0.000000
10.826.798/0001-89;2012-01-01;3;22846;PNA;Preferencial Classe A;0;0.000000
10.835.932/0001-08;2012-01-01;7;26625;PNA;Preferencial Classe A;7102982;95.405456
10.835.932/0001-08;2012-01-01;7;26625;PNB;Preferencial Classe B;342066;4.594544
10.841.050/0001-55;2012-01-01;10;26659;PNA;Preferencial Classe A;0;0.000000
10.847.761/0001-37;2012-01-01;10;26119;PNA;Preferencial Classe A;0;0.000000
11.395.624/0001-71;2012-01-01;17;28086;PNA;Preferencial Classe A;0;0.000000
11.423.623/0001-93;2012-01-01;14;26689;PNA;Preferencial Classe A;0;0.000000
11.566.501/0001-56;2012-03-31;8;20866;PNA;Preferencial Classe A;0;0.000000
11.992.680/0001-93;2012-01-01;11;26571;PNA;Preferencial Classe A;0;0.000000
12.126.500/0001-53;2012-01-01;6;27326;PNA;Preferencial Classe A;0;0.000000
12.394.916/0001-52;2012-01-01;1;24629;PNA;Preferencial Classe A;0;0.000000
12.394.936/0001-23;2012-01-01;1;24515;PNA;Preferencial Classe A;0;0.000000
12.498.904/0001-78;2012-01-01;1;18157;PNA;Preferencial Classe A;0;0.000000
12.592.746/0001-10;2012-01-01;3;21404;PNA;Preferencial Classe A;0;0.000000
13.444.994/0001-87;2012-01-01;5;23111;PNA;Preferencial Classe A;550000;52.884615
13.444.994/0001-87;2012-01-01;5;23111;PNB;Preferencial Classe B;240000;23.076923
13.608.583/0001-80;2012-01-01;1;18938;PNA;Preferencial Classe A;0;0.000000
13.720.879/0001-98;2012-01-01;1;24506;PNA;Preferencial Classe A;0;0.000000
14.308.514/0001-13;2012-01-01;1;18811;PNA;Preferencial Classe A;11410;100.000000
14.333.683/0001-03;2012-01-01;2;24437;PNA;Preferencial Classe A;0;0.000000
14.998.371/0001-19;2012-01-01;9;26270;PNA;Preferencial Classe A;10334449;99.987064
14.998.371/0001-19;2012-01-01;9;26270;PNB;Preferencial Classe B;1337;0.012936
15.073.274/0001-88;2012-01-01;13;27198;PNA;Preferencial Classe A;119358709;88.930978
15.073.274/0001-88;2012-01-01;13;27198;PNB;Preferencial Classe B;238717418;88.930978
15.073.274/0001-88;2012-01-01;13;27198;PNC;Preferencial Classe C;0;0.000000
15.073.274/0001-88;2012-01-01;13;27198;PND;Preferencial Classe D;19865336;16.557868
15.115.504/0001-24;2012-01-01;5;21415;PNA;Preferencial Classe A;369495375;37.000000
15.115.504/0001-24;2012-01-01;5;21415;PNB;Preferencial Classe B;280779240;54.000000
15.139.629/0001-94;2012-01-01;7;26740;PNA;Preferencial Classe A;305419;0.162304
15.144.017/0001-90;2012-01-01;7;27982;PNA;Preferencial Classe A;1465243;38.160000
16.234.171/0001-15;2012-01-01;1;18721;PNA;Preferencial Classe A;87595802;29.590000
16.234.171/0001-15;2012-01-01;1;18721;PNB;Preferencial Classe B;9819517;3.320000
16.234.171/0001-15;2012-01-01;1;18721;PNC;Preferencial Classe C;99970883;33.760000
16.404.287/0001-55;2012-01-01;17;28050;PNA;Preferencial Classe A;472049274;64.258600
16.404.287/0001-55;2012-01-01;17;28050;PNB;Preferencial Classe B;10339;0.532700
16.590.234/0001-76;2012-01-01;8;26937;PNA;Preferencial Classe A;0;0.000000
16.614.075/0001-00;2012-01-01;8;28083;PNA;Preferencial Classe A;0;0.000000
17.162.082/0001-73;2012-01-01;1;18803;PNA;Preferencial Classe A;149876;1.453782
17.162.082/0001-73;2012-01-01;1;18803;PNB;Preferencial Classe B;163737;1.588232
17.167.396/0001-69;2012-01-01;7;26530;PNA;Preferencial Classe A;6966779;34.434731
17.167.396/0001-69;2012-01-01;7;26530;PNB;Preferencial Classe B;13265059;65.565269
17.167.412/0001-13;2012-01-01;7;26489;PNA;Preferencial Classe A;21464356;100.000000
17.193.806/0001-46;2012-01-01;7;26529;PNA;Preferencial Classe A;93145;0.795928
17.193.806/0001-46;2012-01-01;7;26529;PNB;Preferencial Classe B;1058199;9.042355
17.193.806/0001-46;2012-01-01;7;26529;PNC;Preferencial Classe C;98319;0.840140
17.193.806/0001-46;2012-01-01;7;26529;PND;Preferencial Classe D;811707;6.936070
17.193.806/0001-46;2012-01-01;7;26529;PNE;Preferencial Classe E;2615579;22.350232
17.193.806/0001-46;2012-01-01;7;26529;PNF;Preferencial Classe F;7025744;60.035276
20.933.354/0001-04;2012-01-01;1;18801;PNA;Preferencial Classe A;0;0.000000
22.770.366/0001-82;2012-01-01;3;20066;PNA;Preferencial Classe A;417553086677;65.557519
24.956.666/0001-86;2012-01-01;3;19733;PNA;Preferencial Classe A;241358;0.150000
24.962.466/0001-36;2012-01-01;7;26449;PNA;Preferencial Classe A;4324161;6.232496
24.962.466/0001-36;2012-01-01;7;26449;PNB;Preferencial Classe B;737396;14.374917
26.386.169/0001-15;2012-01-01;2;26657;PNA;Preferencial Classe A;0;0.000000
28.573.830/0001-27;2012-01-01;1;29369;PNA;Preferencial Classe A;0;0.000000
29.388.352/0001-48;2012-01-01;1;18800;PNA;Preferencial Classe A;112000000;100.000000
30.306.294/0001-45;2012-01-01;17;27197;PNA;Preferencial Classe A;404263216;87.117132
30.306.294/0001-45;2012-01-01;17;27197;PNB;Preferencial Classe B;0;0.000000
30.540.991/0001-66;2012-01-01;4;21697;PNA;Preferencial Classe A;0;0.000000
31.895.683/0001-16;2012-01-01;3;26018;PNA;Preferencial Classe A;0;0.000000
33.009.911/0001-39;2012-01-01;11;29180;PNA;Preferencial Classe A;0;0.000000
33.040.601/0001-87;2012-01-01;3;26654;PNA;Preferencial Classe A;0;0.000000
33.041.260/0652-90;2012-01-01;10;26672;PNA;Preferencial Classe A;0;0.000000
33.050.196/0001-88;2012-01-01;11;27111;PNA;Preferencial Classe A;6537160;4.950000
33.050.196/0001-88;2012-01-01;11;27111;PNB;Preferencial Classe B;49493846;37.490000
33.050.196/0001-88;2012-01-01;11;27111;PNC;Preferencial Classe C;75973631;57.550000
33.102.476/0001-92;2012-01-01;5;26942;PNA;Preferencial Classe A;0;0.000000
33.111.246/0001-90;2012-01-01;6;85029;PNA;Preferencial Classe A;0;0.000000
33.113.309/0001-47;2012-01-01;5;24395;PNA;Preferencial Classe A;0;0.000000
33.147.315/0001-15;2012-01-01;2;19206;PNA;Preferencial Classe A;0;0.000000
33.200.049/0001-47;2012-01-01;2;26748;PNA;Preferencial Classe A;78944947;42.970000
33.228.024/0001-51;2012-01-01;2;27155;PNA;Preferencial Classe A;0;0.000000
33.386.210/0001-19;2012-01-01;4;27120;PNA;Preferencial Classe A;580120;73.938300
33.386.210/0001-19;2012-01-01;4;27120;PNB;Preferencial Classe B;314832;38.521000
33.412.081/0001-96;2012-01-01;8;24893;PNA;Preferencial Classe A;0;0.000000
33.541.368/0001-16;2012-01-01;7;26839;PNA;Preferencial Classe A;0;0.000000
33.592.510/0001-54;2012-01-01;10;26232;PNA;Preferencial Classe A;1837385893;87.100000
33.611.500/0001-19;2012-01-01;7;26760;PNA;Preferencial Classe A;0;0.000000
33.858.168/0001-91;2012-01-01;1;28949;PNA;Preferencial Classe A;41547983;20.770000
33.858.168/0001-91;2012-01-01;1;28949;PNB;Preferencial Classe B;5000000;2.500000
33.858.168/0001-91;2012-01-01;1;28949;PNC;Preferencial Classe C;32220187;16.110000
33.958.695/0001-78;2012-01-01;8;27383;PNA;Preferencial Classe A;23618338;91.165471
33.958.695/0001-78;2012-01-01;8;27383;PNB;Preferencial Classe B;464478535;87.457300
34.169.557/0001-72;2012-01-01;2;26616;PNA;Preferencial Classe A;0;0.000000
36.461.242/0001-20;2012-01-01;8;26508;PNA;Preferencial Classe A;0;0.000000
42.150.391/0001-70;2012-01-01;8;26022;PNA;Preferencial Classe A;267523222;89.465400
42.150.391/0001-70;2012-01-01;8;26022;PNB;Preferencial Classe B;593818;0.198600
42.278.291/0001-24;2012-01-01;4;26585;PNA;Preferencial Classe A;0;0.000000
42.331.462/0001-31;2012-01-01;5;26847;PNA;Preferencial Classe A;39817014;39.910000
45.453.214/0001-51;2012-01-01;16;28088;PNA;Preferencial Classe A;0;0.000000
45.987.245/0001-92;2012-01-01;5;25898;PNA;Preferencial Classe A;0;0.000000
47.509.120/0001-82;2012-01-01;13;27139;PNA;Preferencial Classe A;0;0.000000
49.263.189/0001-02;2012-01-01;8;28129;PNA;Preferencial Classe A;0;0.000000
49.669.856/0001-43;2012-01-01;7;26892;PNA;Preferencial Classe A;0;0.000000
50.564.053/0001-03;2012-01-01;7;26984;PNA;Preferencial Classe A;26462611;77.683000
50.746.577/0001-15;2012-03-31;6;20000;PNA;Preferencial Classe A;0;0.000000
51.218.147/0001-93;2012-01-01;14;24220;PNA;Preferencial Classe A;0;0.000000
51.928.174/0001-50;2012-01-01;13;26764;PNA;Preferencial Classe A;0;0.000000
53.790.218/0001-53;2012-01-01;5;27058;PNA;Preferencial Classe A;0;0.000000
56.992.423/0001-90;2012-01-01;3;26624;PNA;Preferencial Classe A;0;0.000000
56.994.924/0001-05;2012-01-01;1;18273;PNA;Preferencial Classe A;52777900;0.070000
56.994.924/0001-05;2012-01-01;1;18273;PNB;Preferencial Classe B;10608639650;14.650000
58.119.199/0001-51;2012-01-01;10;26299;PNA;Preferencial Classe A;0;0.000000
58.877.812/0001-08;2012-01-01;1;19024;PNA;Preferencial Classe A;0;0.000000
59.105.999/0001-86;2012-01-01;4;24349;PNA;Preferencial Classe A;0;0.000000
59.789.545/0001-71;2012-01-01;3;27145;PNA;Preferencial Classe A;0;0.000000
60.476.884/0001-87;2012-01-01;2;26409;PNA;Preferencial Classe A;0;0.000000
60.631.090/0001-40;2012-01-01;6;21298;PNA;Preferencial Classe A;0;0.000000
60.637.238/0001-54;2012-01-01;9;27160;PNA;Preferencial Classe A;9291174;66.665881
60.730.348/0001-66;2012-01-01;2;26663;PNA;Preferencial Classe A;0;0.000000
60.746.948/0001-12;2012-01-01;14;28034;PNA;Preferencial Classe A;0;0.000000
60.770.336/0001-65;2012-01-01;8;26482;PNA;Preferencial Classe A;15084024;41.581858
60.851.615/0001-53;2012-01-01;8;28144;PNA;Preferencial Classe A;977179;79.381426
60.894.730/0001-05;2012-01-01;8;26329;PNA;Preferencial Classe A;481235410;94.650000
60.894.730/0001-05;2012-01-01;8;26329;PNB;Preferencial Classe B;85794;100.000000
60.933.603/0001-78;2012-01-01;13;27258;PNA;Preferencial Classe A;7702726;100.000000
60.933.603/0001-78;2012-01-01;13;27258;PNB;Preferencial Classe B;181282095;86.236285
61.022.042/0001-18;2012-01-01;4;26367;PNA;Preferencial Classe A;248079;66.670000
61.079.117/0001-05;2012-01-01;6;26509;PNA;Preferencial Classe A;0;0.000000
61.082.004/0001-50;2012-01-01;4;22263;PNA;Preferencial Classe A;0;0.000000
61.084.984/0001-20;2012-01-01;4;24354;PNA;Preferencial Classe A;0;0.000000
61.088.894/0001-08;2012-01-01;4;19496;PNA;Preferencial Classe A;13826956;37.410000
61.156.113/0001-75;2012-01-01;5;21715;PNA;Preferencial Classe A;0;0.000000
61.351.532/0001-68;2012-01-01;5;26550;PNA;Preferencial Classe A;0;0.000000
61.410.395/0001-95;2012-01-01;3;21326;PNA;Preferencial Classe A;0;0.000000
61.486.650/0001-83;2012-01-01;20;27495;PNA;Preferencial Classe A;0;0.000000
61.856.571/0001-17;2012-01-01;9;24286;PNA;Preferencial Classe A;22262843;100.000000
62.002.886/0001-60;2012-01-01;16;27234;PNA;Preferencial Classe A;0;0.000000
62.232.889/0001-90;2012-01-01;12;26950;PNA;Preferencial Classe A;0;0.000000
65.654.303/0001-73;2012-01-01;8;27011;PNA;Preferencial Classe A;0;0.000000
71.208.516/0001-74;2012-01-01;11;27102;PNA;Preferencial Classe A;0;0.000000
71.476.527/0001-35;2012-01-01;5;26268;PNA;Preferencial Classe A;0;0.000000
74.409.467/0001-26;2012-01-01;2;27947;PNA;Preferencial Classe A;0;0.000000
76.255.926/0001-90;2012-01-01;5;26628;PNA;Preferencial Classe A;4032776;54.660000
76.255.926/0001-90;2012-01-01;5;26628;PNB;Preferencial Classe B;4809504;40.110000
76.483.817/0001-20;2012-01-01;11;26376;PNA;Preferencial Classe A;381767;100.000000
76.483.817/0001-20;2012-01-01;11;26376;PNB;Preferencial Classe B;100946883;78.715602
76.484.013/0001-45;2012-01-01;14;26556;PNA;Preferencial Classe A;0;0.000000
76.500.180/0001-32;2012-01-01;9;24664;PNA;Preferencial Classe A;0;0.000000
76.627.504/0001-06;2012-01-01;5;27069;PNA;Preferencial Classe A;0;0.000000
78.588.415/0001-15;2012-01-01;4;28132;PNA;Preferencial Classe A;3077380;18.500000
81.243.735/0001-48;2012-01-01;4;27122;PNA;Preferencial Classe A;0;0.000000
82.373.077/0001-71;2012-01-01;12;26170;PNA;Preferencial Classe A;0;0.000000
82.636.986/0001-55;2012-01-01;7;25078;PNA;Preferencial Classe A;33524045;100.000000
82.640.632/0001-84;2012-01-01;2;18888;PNA;Preferencial Classe A;0;0.000000
82.641.325/0001-18;2012-01-01;23;28211;PNA;Preferencial Classe A;0;0.000000
82.643.537/0001-34;2012-01-01;8;24993;PNA;Preferencial Classe A;1275000;56.666667
84.208.123/0001-02;2012-01-01;2;19121;PNA;Preferencial Classe A;0;0.000000
84.429.752/0001-62;2012-01-01;2;19212;PNA;Preferencial Classe A;0;0.000000
84.683.374/0001-49;2012-01-01;3;21234;PNA;Preferencial Classe A;0;0.000000
84.683.408/0001-03;2012-01-01;3;26773;PNA;Preferencial Classe A;0;0.000000
84.683.762/0001-20;2012-01-01;2;27072;PNA;Preferencial Classe A;0;0.000000
84.693.183/0001-68;2012-01-01;4;25917;PNU;Preferencial Classe U;25556890;69.922403
87.043.832/0001-73;2012-01-01;4;26765;PNA;Preferencial Classe A;0;0.000000
87.762.563/0001-03;2012-01-01;2;22914;PNA;Preferencial Classe A;3825370;64.290000
88.613.658/0001-10;2012-06-30;2;22126;PNA;Preferencial Classe A;31564840;100.000000
89.547.269/0001-04;2012-01-01;1;18699;PNA;Preferencial Classe A;2911;45.200000
89.723.993/0001-33;2012-01-01;1;18237;PNA;Preferencial Classe A;0;0.000000
90.076.886/0001-40;2012-01-01;8;28043;PNA;Preferencial Classe A;0;0.000000
90.724.345/0001-80;2012-01-01;1;18268;PNA;Preferencial Classe A;3163;12.305480
91.820.068/0001-72;2012-01-01;2;26806;PNA;Preferencial Classe A;2074666;18.970000
92.012.467/0001-70;2012-01-01;6;23099;PNA;Preferencial Classe A;0;0.000000
92.660.570/0001-26;2012-01-01;4;27080;PNA;Preferencial Classe A;0;0.000000
92.693.019/0001-89;2012-01-01;3;26097;PNA;Preferencial Classe A;0;0.000000
92.702.067/0001-96;2012-01-01;18;28152;PNA;Preferencial Classe A;819861;0.200467
92.702.067/0001-96;2012-01-01;18;28152;PNB;Preferencial Classe B;174302695;42.619455
92.715.812/0001-31;2012-01-01;6;26435;PNA;Preferencial Classe A;0;0.000000
92.721.232/0001-57;2012-01-01;2;17700;PNA;Preferencial Classe A;0;0.000000
92.802.784/0001-90;2012-01-01;5;27089;PNA;Preferencial Classe A;0;0.000000
92.825.900/0001-96;2012-01-01;1;18771;PNA;Preferencial Classe A;0;0.000000
92.929.520/0001-00;2012-01-01;4;26644;PNA;Preferencial Classe A;12086250;47.180000
92.929.520/0001-00;2012-01-01;4;26644;PNB;Preferencial Classe B;2211750;34.540000
95.426.862/0001-97;2012-01-01;6;21550;PNA;Preferencial Classe A;1506413;63.420000
97.191.902/0001-94;2012-01-01;5;27233;PNA;Preferencial Classe A;1428517;12.656000
