CNPJ_Companhia;Data_Referencia;Versao;ID_Documento;ID_Capital_Social_Reducao;Tipo_Classe_Acao_Preferencial;Quantidade_Acoes
01.258.945/0001-70;2012-01-01;3;26959;3527;Preferencial Classe B;9831
01.258.945/0001-70;2012-01-01;3;26959;3528;Preferencial Classe A;117102
07.253.321/0001-47;2012-01-01;1;18159;2218;Preferencial Classe A;1
07.857.850/0001-50;2012-01-01;6;27588;3755;Preferencial Classe A;124680374
08.904.552/0001-36;2012-01-01;14;28055;3771;Preferencial Classe A;2412
08.904.552/0001-36;2012-01-01;14;28055;3772;Preferencial Classe A;40088674
09.400.937/0001-29;2012-01-01;3;27192;3653;Preferencial Classe A;225497
24.956.666/0001-86;2012-01-01;3;19733;2463;Preferencial Classe A;1
33.352.394/0001-04;2012-01-01;6;28251;3788;Preferencial Classe A;90050693404
