CNPJ_Companhia;Data_Referencia;Versao;ID_Documento;ID_Capital_Social_Reducao;Tipo_Classe_Acao_Preferencial;Quantidade_Acoes
01.258.945/0001-70;2015-01-01;3;55996;6929;Preferencial Classe B;9831
01.258.945/0001-70;2015-01-01;3;55996;6930;Preferencial Classe A;117102
02.762.113/0001-50;2015-01-01;2;55844;6897;Preferencial Classe A;417
02.762.113/0001-50;2015-01-01;2;55844;6897;Preferencial Classe B;190
07.253.321/0001-47;2015-01-01;1;47918;5973;Preferencial Classe A;1
24.956.666/0001-86;2015-07-16;1;49134;6199;Preferencial Classe A;1
33.352.394/0001-04;2015-01-01;7;55883;6900;Preferencial Classe A;90050693404
62.002.886/0001-60;2015-01-01;9;53716;6689;Preferencial Classe A;2939
62.002.886/0001-60;2015-01-01;9;53716;6689;Preferencial Classe B;419
