CNPJ_Companhia;Data_Referencia;Versao;ID_Documento;Sigla_Classe_Acoes_Preferenciais;Classe_Acoes_Preferenciais;Quantidade_Acoes_Preferenciais_Circulacao;Percentual_Acoes_Preferenciais_Circulacao
00.001.180/0001-26;2015-01-01;20;56651;PNA;Preferencial Classe A;146920;100.000000
00.001.180/0001-26;2015-01-01;20;56651;PNB;Preferencial Classe B;219731566;82.781098
00.070.698/0001-11;2015-01-01;17;55888;PNA;Preferencial Classe A;1313002;100.000000
00.070.698/0001-11;2015-01-01;17;55888;PNB;Preferencial Classe B;1053503;17.798082
00.185.475/0001-08;2015-01-01;2;50777;PNA;Preferencial Classe A;0;0.000000
00.192.769/0001-59;2015-01-01;1;46619;PNA;Preferencial Classe A;0;0.000000
00.336.701/0001-04;2015-01-01;8;55304;PNA;Preferencial Classe A;0;0.000000
00.644.907/0001-93;2015-01-01;4;56667;PNA;Preferencial Classe A;16288514;4.240000
00.644.907/0001-93;2015-01-01;4;56667;PNB;Preferencial Classe B;5156240;1.340000
00.644.907/0001-93;2015-01-01;4;56667;PNC;Preferencial Classe C;107199382;27.900000
00.644.907/0001-93;2015-01-01;4;56667;PNR;Preferencial Classe R;255559826;66.520000
00.866.577/0001-80;2015-01-01;2;49020;PNA;Preferencial Classe A;0;0.000000
00.938.574/0001-05;2015-01-01;5;55552;PNA;Preferencial Classe A;34134;100.000000
01.104.937/0001-70;2015-01-01;3;55404;PNA;Preferencial Classe A;0;0.000000
01.258.945/0001-70;2015-01-01;3;55996;PNA;Preferencial Classe A;0;0.000000
01.417.222/0001-77;2015-01-01;21;56673;PNA;Preferencial Classe A;1055737;1.286289
01.417.222/0001-77;2015-01-01;21;56673;PNB;Preferencial Classe B;895635;1.286996
01.545.826/0001-07;2015-01-01;5;55562;PNA;Preferencial Classe A;0;0.000000
01.547.749/0001-16;2015-01-01;1;48358;PNA;Preferencial Classe A;0;0.000000
01.616.929/0001-02;2015-01-01;4;53280;PNA;Preferencial Classe A;11396;0.002452
01.654.604/0001-14;2015-01-01;1;48416;PNA;Preferencial Classe A;69870000;66.666666
01.851.771/0001-55;2015-01-01;2;55730;PNA;Preferencial Classe A;0;0.000000
01.858.774/0001-10;2015-01-01;1;48125;PNA;Preferencial Classe A;0;0.000000
01.938.783/0001-11;2015-01-01;2;55817;PNA;Preferencial Classe A;0;0.000000
01.971.614/0001-83;2015-01-01;2;55923;PNA;Preferencial Classe A;143088;16.380000
02.016.439/0001-38;2015-01-01;8;55799;PNA;Preferencial Classe A;0;0.000000
02.016.440/0001-62;2015-01-01;10;55874;PNA;Preferencial Classe A;0;0.000000
02.062.747/0001-08;2015-01-01;5;55712;PNA;Preferencial Classe A;0;0.000000
02.105.040/0001-23;2015-01-01;5;52630;PNA;Preferencial Classe A;0;0.000000
02.162.616/0001-94;2015-01-01;3;50489;PNA;Preferencial Classe A;0;0.000000
02.201.787/0001-85;2015-01-01;1;47831;PNA;Preferencial Classe A;20;0.000000
02.201.787/0001-85;2015-01-01;1;47831;PNB;Preferencial Classe B;10;0.000000
02.217.319/0001-07;2015-01-01;3;55714;PNA;Preferencial Classe A;0;0.000000
02.281.836/0001-37;2015-01-01;10;56742;PNA;Preferencial Classe A;13565985;69.662466
02.281.836/0001-37;2015-01-01;10;56742;PNB;Preferencial Classe B;5907895;30.337534
02.351.144/0001-18;2015-01-01;9;56998;PNA;Preferencial Classe A;0;0.000000
02.366.097/0001-86;2015-01-01;3;56826;PNA;Preferencial Classe A;0;0.000000
02.382.073/0001-10;2015-01-01;3;54052;PNA;Preferencial Classe A;0;0.000000
02.451.848/0001-62;2015-01-01;9;55325;PNA;Preferencial Classe A;0;0.000000
02.474.103/0001-19;2015-01-01;10;56611;PNA;Preferencial Classe A;0;0.000000
02.509.491/0001-26;2015-01-01;9;56535;PNA;Preferencial Classe A;0;0.000000
02.535.295/0001-26;2015-01-01;1;47919;PNA;Preferencial Classe A;53393837;66.660000
02.555.926/0001-79;2015-01-01;4;56831;PNA;Preferencial Classe A;0;0.000000
02.604.997/0001-14;2015-01-01;5;55906;PNA;Preferencial Classe A;0;0.000000
02.682.287/0001-02;2015-01-01;2;55745;PNA;Preferencial Classe A;0;0.000000
02.724.983/0001-34;2015-01-01;7;53487;PNA;Preferencial Classe A;0;0.000000
02.762.113/0001-50;2015-01-01;2;55844;PNA;Preferencial Classe A;0;0.000000
02.762.113/0001-50;2015-01-01;2;55844;PNB;Preferencial Classe B;0;0.000000
02.796.775/0001-40;2015-01-01;3;55722;PNA;Preferencial Classe A;0;0.000000
02.800.026/0001-40;2015-01-01;12;56728;PNA;Preferencial Classe A;0;0.000000
02.950.811/0001-89;2015-01-01;18;56843;PNA;Preferencial Classe A;0;0.000000
02.992.449/0001-09;2015-01-01;4;55716;PNA;Preferencial Classe A;0;0.000000
02.998.611/0001-04;2015-01-01;7;56621;PNA;Preferencial Classe A;0;0.000000
03.303.999/0001-36;2015-01-01;5;56891;PNA;Preferencial Classe A;0;0.000000
03.758.318/0001-24;2015-01-01;9;55882;PNA;Preferencial Classe A;0;0.000000
03.767.538/0001-14;2015-01-01;12;56140;PNA;Preferencial Classe A;0;0.000000
03.795.050/0001-09;2015-01-01;10;55822;PNA;Preferencial Classe A;0;0.000000
03.847.461/0001-92;2015-01-01;15;56934;PNA;Preferencial Classe A;0;0.000000
03.953.509/0001-47;2015-01-01;6;55828;PNA;Preferencial Classe A;0;0.000000
04.032.433/0001-80;2015-01-01;19;55349;PNA;Preferencial Classe A;0;0.000000
04.038.763/0001-82;2015-01-01;3;55994;PNA;Preferencial Classe A;0;0.000000
04.089.570/0001-50;2015-01-01;4;54049;PNA;Preferencial Classe A;0;0.000000
04.128.563/0001-10;2015-01-01;12;56800;PNA;Preferencial Classe A;0;0.000000
04.149.454/0001-80;2015-01-01;12;56595;PNA;Preferencial Classe A;0;0.000000
04.370.450/0001-27;2015-01-01;4;55825;PNA;Preferencial Classe A;0;0.000000
04.437.534/0001-30;2015-01-01;7;55413;PNA;Preferencial Classe A;0;0.000000
04.821.041/0001-08;2015-01-01;9;55931;PNA;Preferencial Classe A;0;0.000000
04.895.728/0001-80;2015-01-01;5;55234;PNA;Preferencial Classe A;1820804;84.030000
04.895.728/0001-80;2015-01-01;5;55234;PNB;Preferencial Classe B;1085371;100.000000
04.895.728/0001-80;2015-01-01;5;55234;PNC;Preferencial Classe C;1085346;90.350000
04.912.242/0001-02;2015-01-01;1;48052;PNA;Preferencial Classe A;5535;100.000000
05.336.882/0001-84;2015-01-01;1;53050;PNA;Preferencial Classe A;0;0.000000
05.707.616/0001-10;2015-01-01;6;55014;PNA;Preferencial Classe A;0;0.000000
05.711.813/0001-03;2015-01-01;5;55814;PNA;Preferencial Classe A;0;0.000000
06.018.000/0001-03;2015-01-01;1;47929;PNA;Preferencial Classe A;0;0.000000
06.033.448/0001-98;2015-01-01;1;48247;PNA;Preferencial Classe A;0;0.000000
06.082.980/0001-03;2015-01-01;9;56058;PNA;Preferencial Classe A;0;0.000000
06.272.793/0001-84;2015-01-01;5;55332;PNA;Preferencial Classe A;470536;37.970000
06.272.793/0001-84;2015-01-01;5;55332;PNB;Preferencial Classe B;617046;37.955000
06.349.242/0001-71;2015-01-01;2;52978;PNA;Preferencial Classe A;0;0.000000
06.977.739/0001-34;2015-01-01;18;55152;PNA;Preferencial Classe A;0;0.000000
06.977.745/0001-91;2015-01-01;17;55881;PNA;Preferencial Classe A;0;0.000000
06.981.176/0001-58;2015-01-01;12;56813;PNA;Preferencial Classe A;0;0.000000
06.981.180/0001-16;2015-01-01;11;56812;PNA;Preferencial Classe A;0;0.000000
07.021.459/0001-10;2015-01-01;2;49112;PNA;Preferencial Classe A;0;0.000000
07.043.628/0001-13;2015-01-01;7;54954;PNA;Preferencial Classe A;0;0.000000
07.047.251/0001-70;2015-01-01;8;55739;PNA;Preferencial Classe A;17639039;62.433109
07.047.251/0001-70;2015-01-01;8;55739;PNB;Preferencial Classe B;1534238;99.972372
07.206.816/0001-15;2015-01-01;5;55131;PNA;Preferencial Classe A;0;0.000000
07.237.373/0001-20;2015-01-01;10;55303;PNA;Preferencial Classe A;0;0.000000
07.253.321/0001-47;2015-01-01;1;47918;PNA;Preferencial Classe A;66000;100.000000
07.275.159/0001-68;2015-01-01;1;47630;PNA;Preferencial Classe A;226530;13.550000
07.275.159/0001-68;2015-01-01;1;47630;PNB;Preferencial Classe B;536835;32.100000
07.275.159/0001-68;2015-01-01;1;47630;PNC;Preferencial Classe C;908881;54.350000
07.628.528/0001-59;2015-06-30;8;52192;PNA;Preferencial Classe A;0;0.000000
07.659.538/0001-51;2015-01-01;3;50786;PNB;Preferencial Classe B;0;0.000000
07.689.002/0001-89;2015-01-01;11;56001;PNA;Preferencial Classe A;0;0.000000
07.710.591/0001-30;2015-01-01;4;55835;PNA;Preferencial Classe A;0;0.000000
07.825.881/0001-29;2015-01-01;1;47762;PNA;Preferencial Classe A;0;0.000000
07.857.850/0001-50;2015-01-01;9;55995;PNA;Preferencial Classe A;66786446;100.000000
07.859.971/0001-30;2015-01-01;11;56690;PNA;Preferencial Classe A;237732008;60.530000
08.312.229/0001-73;2015-01-01;5;55860;PNA;Preferencial Classe A;0;0.000000
08.324.196/0001-81;2015-01-01;10;55608;PNA;Preferencial Classe A;365316;1.770000
08.324.196/0001-81;2015-01-01;10;55608;PNB;Preferencial Classe B;229411;1.290000
08.402.943/0001-52;2015-01-01;5;55174;PNA;Preferencial Classe A;3206067;10.280000
08.424.178/0001-71;2015-01-01;2;55035;PNA;Preferencial Classe A;286075;27.900000
08.424.178/0001-71;2015-01-01;2;55035;PNB;Preferencial Classe B;137;0.000001
08.424.178/0001-71;2015-01-01;2;55035;PNC;Preferencial Classe C;739685;61.288888
08.467.115/0001-00;2015-01-01;4;55949;PNA;Preferencial Classe A;0;0.000000
08.613.550/0001-98;2015-01-01;11;56699;PNA;Preferencial Classe A;0;0.000000
08.653.753/0001-08;2015-01-01;3;55955;PNA;Preferencial Classe A;0;0.000000
08.723.106/0001-25;2015-01-01;3;48671;PNA;Preferencial Classe A;0;0.000000
08.741.499/0001-08;2015-01-01;18;55554;PNA;Preferencial Classe A;0;0.000000
08.827.501/0001-58;2015-01-01;3;55484;PNA;Preferencial Classe A;0;0.000000
08.884.213/0001-35;2015-01-01;5;55732;PNA;Preferencial Classe A;0;0.000000
08.935.054/0001-50;2015-01-01;8;54235;PNA;Preferencial Classe A;433560;7.435721
08.935.054/0001-50;2015-01-01;8;54235;PNB;Preferencial Classe B;5397211;92.564245
08.937.002/0001-13;2015-01-01;1;47783;PNA;Preferencial Classe A;0;0.000000
09.112.685/0001-32;2015-01-01;14;58441;PNA;Preferencial Classe A;0;0.000000
09.116.278/0001-01;2015-01-01;1;48481;PNA;Preferencial Classe A;461266;11.000000
09.116.278/0001-01;2015-01-01;1;48481;PNB;Preferencial Classe B;72447;2.000000
09.116.278/0001-01;2015-01-01;1;48481;PNC;Preferencial Classe C;82043;2.000000
09.116.278/0001-01;2015-01-01;1;48481;PND;Preferencial Classe D;3457776;85.000000
09.324.949/0001-11;2015-01-01;15;56848;PNA;Preferencial Classe A;0;0.000000
09.325.109/0001-73;2015-01-01;15;56828;PNA;Preferencial Classe A;0;0.000000
09.336.431/0001-06;2015-01-01;12;56824;PNA;Preferencial Classe A;0;0.000000
09.358.105/0001-91;2015-01-01;9;55347;PNA;Preferencial Classe A;0;0.000000
10.324.624/0001-18;2015-01-01;2;48747;PNA;Preferencial Classe A;0;0.000000
10.531.501/0001-58;2015-01-01;6;55781;PNA;Preferencial Classe A;0;0.000000
10.629.105/0001-68;2015-01-01;14;56772;PNA;Preferencial Classe A;0;0.000000
10.753.164/0001-43;2015-01-01;13;54499;PNA;Preferencial Classe A;0;0.000000
10.835.932/0001-08;2015-01-01;8;55624;PNA;Preferencial Classe A;7102982;93.864723
10.835.932/0001-08;2015-01-01;8;55624;PNB;Preferencial Classe B;342066;46.073156
10.841.050/0001-55;2015-01-01;11;56537;PNA;Preferencial Classe A;0;0.000000
11.257.352/0001-43;2015-01-01;1;48192;PNA;Preferencial Classe A;0;0.000000
11.284.204/0001-18;2015-01-01;1;48493;PNE;Preferencial Classe E;0;0.000000
11.423.623/0001-93;2015-01-01;10;55750;PNA;Preferencial Classe A;0;0.000000
11.716.471/0001-17;2015-01-01;5;53773;PNA;Preferencial Classe A;0;0.000000
11.992.680/0001-93;2015-01-01;10;56628;PNA;Preferencial Classe A;0;0.000000
12.078.880/0001-06;2015-01-01;1;48430;PNA;Preferencial Classe A;0;0.000000
12.126.500/0001-53;2015-01-01;7;50910;PNA;Preferencial Classe A;0;0.000000
12.394.991/0001-13;2015-01-01;1;48015;PNA;Preferencial Classe A;0;0.000000
12.610.165/0001-64;2015-01-01;1;64163;PNA;Preferencial Classe A;0;0.000000
12.648.327/0001-53;2015-01-01;4;55991;PNA;Preferencial Classe A;0;0.000000
13.009.717/0001-46;2015-01-01;8;55632;PNA;Preferencial Classe A;0;0.000000
14.308.514/0001-13;2015-01-01;4;56586;PNA;Preferencial Classe A;9645;100.000000
14.333.683/0001-03;2015-01-01;1;48432;PNA;Preferencial Classe A;0;0.000000
14.388.334/0001-99;2015-01-01;15;55589;PNA;Preferencial Classe A;0;0.000000
14.998.371/0001-19;2015-01-01;8;55807;PNA;Preferencial Classe A;10334449;99.987064
14.998.371/0001-19;2015-01-01;8;55807;PNB;Preferencial Classe B;1337;0.012936
15.073.274/0001-88;2015-01-01;7;55957;PNA;Preferencial Classe A;168390208;74.624007
15.073.274/0001-88;2015-01-01;7;55957;PNB;Preferencial Classe B;336780416;74.624007
15.073.274/0001-88;2015-01-01;7;55957;PNC;Preferencial Classe C;0;0.000000
15.073.274/0001-88;2015-01-01;7;55957;PND;Preferencial Classe D;22347048;100.000000
15.115.504/0001-24;2015-01-01;4;63117;PNA;Preferencial Classe A;9873790;43.000000
15.115.504/0001-24;2015-01-01;4;63117;PNB;Preferencial Classe B;5214489;22.000000
15.126.626/0001-16;2015-01-01;1;47393;PNA;Preferencial Classe A;0;0.000000
15.139.629/0001-94;2015-01-01;9;56682;PNA;Preferencial Classe A;305419;0.162304
15.144.017/0001-90;2015-01-01;2;55081;PNA;Preferencial Classe A;1475732;38.430520
15.527.906/0001-36;2015-03-31;8;50298;PNA;Preferencial Classe A;0;0.000000
15.578.569/0001-06;2015-01-01;6;55427;PNA;Preferencial Classe A;0;0.000000
15.914.972/0001-69;2015-01-01;1;53558;PNA;Preferencial Classe A;0;0.000000
16.234.171/0001-15;2015-01-01;2;48622;PNA;Preferencial Classe A;87595802;29.590000
16.234.171/0001-15;2015-01-01;2;48622;PNB;Preferencial Classe B;9819517;3.320000
16.234.171/0001-15;2015-01-01;2;48622;PNC;Preferencial Classe C;99970883;33.760000
16.404.287/0001-55;2015-01-01;14;55625;PNA;Preferencial Classe A;388624563;52.899000
16.404.287/0001-55;2015-01-01;14;55625;PNB;Preferencial Classe B;9539;0.491000
16.590.234/0001-76;2015-01-01;7;56144;PNA;Preferencial Classe A;0;0.000000
17.162.082/0001-73;2015-01-01;4;55851;PNA;Preferencial Classe A;149876;1.453782
17.162.082/0001-73;2015-01-01;4;55851;PNB;Preferencial Classe B;163737;1.588222
17.167.396/0001-69;2015-01-01;3;55226;PNA;Preferencial Classe A;6455370;45.098670
17.167.396/0001-69;2015-01-01;3;55226;PNB;Preferencial Classe B;12411311;50.956338
17.167.412/0001-13;2015-01-01;7;56939;PNA;Preferencial Classe A;20852386;100.000000
17.184.037/0001-10;2015-01-01;11;55485;PNA;Preferencial Classe A;0;0.000000
17.234.244/0001-31;2015-01-01;9;56740;PNA;Preferencial Classe A;0;0.000000
19.511.433/0001-30;2015-01-01;2;48466;PNOR;Preferencial Classe OR;0;0.000000
20.445.827/0001-16;2015-01-01;1;51642;PNA;Preferencial Classe A;0;0.000000
21.414.457/0001-12;2015-01-01;1;48163;PNA;Preferencial Classe A;0;0.000000
21.610.416/0001-00;2015-01-01;1;48239;PNA;Preferencial Classe A;0;0.000000
22.543.331/0001-00;2015-01-01;7;56231;PNA;Preferencial Classe A;0;0.000000
22.770.366/0001-82;2015-01-01;6;55774;PNA;Preferencial Classe A;445136;17.463201
24.956.666/0001-86;2015-07-16;1;49134;PNA;Preferencial Classe A;241858;0.150000
24.962.466/0001-36;2015-01-01;3;54421;PNA;Preferencial Classe A;4324161;6.232496
24.962.466/0001-36;2015-01-01;3;54421;PNB;Preferencial Classe B;737396;14.374917
25.089.509/0001-83;2015-01-01;5;55802;PNA;Preferencial Classe A;0;0.000000
25.089.509/0001-83;2015-01-01;5;55802;PNB;Preferencial Classe B;0;0.000000
25.329.319/0001-96;2015-01-01;2;54016;PNA;Preferencial Classe A;0;0.000000
26.386.169/0001-15;2015-01-01;2;55566;PNA;Preferencial Classe A;0;0.000000
28.152.650/0001-71;2015-01-01;6;55242;PNA;Preferencial Classe A;0;0.000000
28.195.667/0001-06;2015-01-01;13;55314;PNA;Preferencial Classe A;0;0.000000
30.540.991/0001-66;2015-01-01;3;50785;PNA;Preferencial Classe A;0;0.000000
31.895.683/0001-16;2015-01-01;1;47677;PNA;Preferencial Classe A;0;0.000000
33.009.911/0001-39;2015-01-01;6;51327;PNA;Preferencial Classe A;0;0.000000
33.014.556/0001-96;2015-01-01;17;55902;PNA;Preferencial Classe A;0;0.000000
33.040.601/0001-87;2015-01-01;4;55560;PNA;Preferencial Classe A;0;0.000000
33.050.196/0001-88;2015-01-01;7;55815;PNA;Preferencial Classe A;0;0.000000
33.050.196/0001-88;2015-01-01;7;55815;PNB;Preferencial Classe B;0;0.000000
33.050.196/0001-88;2015-01-01;7;55815;PNC;Preferencial Classe C;0;0.000000
33.102.476/0001-92;2015-01-01;3;52270;PNA;Preferencial Classe A;0;0.000000
33.200.049/0001-47;2015-01-01;3;54773;PNA;Preferencial Classe A;2369871;30.019289
33.228.024/0001-51;2015-01-01;5;55401;PNA;Preferencial Classe A;0;0.000000
33.256.439/0001-39;2015-01-01;6;55247;PNA;Preferencial Classe A;0;0.000000
33.352.394/0001-04;2015-01-01;7;55883;PNA;Preferencial Classe A;0;0.000000
33.386.210/0001-19;2015-01-01;2;55908;PNA;Preferencial Classe A;314828;36.779000
33.386.210/0001-19;2015-01-01;2;55908;PNB;Preferencial Classe B;577520;67.467300
33.541.368/0001-16;2015-01-01;7;56755;PNA;Preferencial Classe A;0;0.000000
33.592.510/0001-54;2015-01-01;17;56619;PNA;Preferencial Classe A;1945837689;95.989891
33.611.500/0001-19;2015-01-01;11;56861;PNA;Preferencial Classe A;0;0.000000
33.937.681/0001-78;2015-01-01;2;49291;PNA;Preferencial Classe A;0;0.000000
33.958.695/0001-78;2015-01-01;8;56683;PNA;Preferencial Classe A;2333899;90.087235
33.958.695/0001-78;2015-01-01;8;56683;PNB;Preferencial Classe B;41016645;77.230442
34.169.557/0001-72;2015-01-01;9;56840;PNA;Preferencial Classe A;0;0.000000
34.265.561/0001-34;2015-01-01;1;47696;PNA;Preferencial Classe A;0;0.000000
42.150.391/0001-70;2015-01-01;15;56777;PNA;Preferencial Classe A;264585622;76.710000
42.150.391/0001-70;2015-01-01;15;56777;PNB;Preferencial Classe B;593818;100.000000
42.278.291/0001-24;2015-01-01;18;56687;PNA;Preferencial Classe A;0;0.000000
42.331.462/0001-31;2015-01-01;5;55588;PNA;Preferencial Classe A;1159323;29.051100
43.470.988/0001-65;2015-01-01;22;56574;PNA;Preferencial Classe A;0;0.000000
45.987.245/0001-92;2015-01-01;2;56654;PNA;Preferencial Classe A;0;0.000000
47.509.120/0001-82;2015-01-01;11;56700;PNA;Preferencial Classe A;0;0.000000
51.218.147/0001-93;2015-01-01;13;56659;PNA;Preferencial Classe A;0;0.000000
51.928.174/0001-50;2015-01-01;10;55524;PNA;Preferencial Classe A;0;0.000000
53.790.218/0001-53;2015-01-01;5;56515;PNA;Preferencial Classe A;0;0.000000
56.643.018/0001-66;2015-01-01;3;55259;PNA;Preferencial Classe A;58323369;95.000000
56.992.423/0001-90;2015-01-01;2;48703;PNA;Preferencial Classe A;0;0.000000
58.119.199/0001-51;2015-01-01;10;55187;PNA;Preferencial Classe A;0;0.000000
59.105.999/0001-86;2015-01-01;6;55172;PNA;Preferencial Classe A;0;0.000000
59.789.545/0001-71;2015-01-01;2;56624;PNA;Preferencial Classe A;0;0.000000
60.444.437/0001-46;2015-01-01;17;55620;PNA;Preferencial Classe A;0;0.000000
60.476.884/0001-87;2015-01-01;9;55663;PNA;Preferencial Classe A;0;0.000000
60.543.816/0001-93;2015-01-01;7;56523;PNA;Preferencial Classe A;0;0.000000
60.637.238/0001-54;2015-01-01;5;55603;PNA;Preferencial Classe A;371647;66.665882
60.643.228/0001-21;2015-01-01;13;52797;PNA;Preferencial Classe A;0;0.000000
60.730.348/0001-66;2015-01-01;2;55942;PNA;Preferencial Classe A;425743;55.051400
60.770.336/0001-65;2015-01-01;6;56425;PNA;Preferencial Classe A;13911407;100.000000
60.851.615/0001-53;2015-01-01;5;56657;PNA;Preferencial Classe A;977179;79.381426
60.894.730/0001-05;2015-01-01;13;55865;PNA;Preferencial Classe A;481380035;94.680000
60.894.730/0001-05;2015-01-01;13;55865;PNB;Preferencial Classe B;82163;100.000000
60.933.603/0001-78;2015-01-01;9;55377;PNA;Preferencial Classe A;7441008;100.000000
60.933.603/0001-78;2015-01-01;9;55377;PNB;Preferencial Classe B;181964945;86.282691
61.079.117/0001-05;2015-01-01;16;56032;PNA;Preferencial Classe A;0;0.000000
61.082.004/0001-50;2015-01-01;7;55780;PNA;Preferencial Classe A;10777705;97.424172
61.084.984/0001-20;2015-01-01;5;54107;PNA;Preferencial Classe A;0;0.000000
61.088.894/0001-08;2015-01-01;5;52909;PNA;Preferencial Classe A;0;0.000000
61.156.113/0001-75;2015-01-01;11;55167;PNA;Preferencial Classe A;0;0.000000
61.351.532/0001-68;2015-01-01;2;55528;PNA;Preferencial Classe A;0;0.000000
61.486.650/0001-83;2015-01-01;12;56793;PNA;Preferencial Classe A;0;0.000000
61.856.571/0001-17;2015-01-01;13;56730;PNA;Preferencial Classe A;22346231;83.327859
62.002.886/0001-60;2015-01-01;9;53716;PNA;Preferencial Classe A;37872;0.731301
62.002.886/0001-60;2015-01-01;9;53716;PNB;Preferencial Classe B;58820;1.135802
62.232.889/0001-90;2015-01-01;9;55933;PNA;Preferencial Classe A;0;0.000000
65.654.303/0001-73;2015-01-01;8;55951;PNA;Preferencial Classe A;0;0.000000
67.010.660/0001-24;2015-01-01;16;56029;PNA;Preferencial Classe A;0;0.000000
69.720.910/0001-45;2015-01-01;4;52652;PNA;Preferencial Classe A;0;0.000000
71.208.516/0001-74;2015-01-01;10;55434;PNA;Preferencial Classe A;0;0.000000
74.409.467/0001-26;2015-01-01;2;47606;PNA;Preferencial Classe A;0;0.000000
76.255.926/0001-90;2015-03-31;2;41343;PNA;Preferencial Classe A;208820;2.830091
76.255.926/0001-90;2015-03-31;2;41343;PNB;Preferencial Classe B;140742;1.173812
76.483.817/0001-20;2015-01-01;13;56830;PNA;Preferencial Classe A;328633;100.000000
76.483.817/0001-20;2015-01-01;13;56830;PNB;Preferencial Classe B;101013656;78.735052
76.500.180/0001-32;2015-01-01;7;52280;PNA;Preferencial Classe A;0;0.000000
76.535.764/0001-43;2015-01-01;25;56802;PNA;Preferencial Classe A;0;0.000000
82.508.433/0001-17;2015-01-01;7;55189;PNA;Preferencial Classe A;16133;1.000000
82.636.986/0001-55;2015-01-01;2;53902;PNA;Preferencial Classe A;0;0.000000
82.640.632/0001-84;2015-01-01;1;48001;PNA;Preferencial Classe A;0;0.000000
82.641.325/0001-18;2015-01-01;10;55960;PNA;Preferencial Classe A;0;0.000000
82.643.537/0001-34;2015-01-01;8;52716;PNA;Preferencial Classe A;1275000;56.666667
84.208.123/0001-02;2015-01-01;4;49276;PNA;Preferencial Classe A;30006942;17.130000
84.683.374/0001-49;2015-01-01;8;55968;PNA;Preferencial Classe A;0;0.000000
84.683.408/0001-03;2015-01-01;2;55809;PNA;Preferencial Classe A;0;0.000000
84.683.671/0001-94;2015-01-01;5;53319;PNA;Preferencial Classe A;0;0.000000
84.693.183/0001-68;2015-01-01;5;55660;PNU;Preferencial Classe U;25171430;68.867803
85.041.333/0001-11;2015-01-01;1;48167;PNA;Preferencial Classe A;0;0.000000
85.778.074/0001-06;2015-01-01;1;48050;PNA;Preferencial Classe A;139898;100.000000
86.375.425/0001-09;2015-01-01;2;52990;PNA;Preferencial Classe A;0;0.000000
87.043.832/0001-73;2015-01-01;6;55693;PNA;Preferencial Classe A;0;0.000000
87.762.563/0001-03;2015-01-01;4;55701;PNA;Preferencial Classe A;3824429;64.270000
88.613.658/0001-10;2015-06-30;3;51332;PNA;Preferencial Classe A;31565240;100.000000
89.547.269/0001-04;2015-01-01;1;48335;PNA;Preferencial Classe A;2911;45.200000
89.637.490/0001-45;2015-01-01;16;55580;PNA;Preferencial Classe A;0;0.000000
90.400.888/0001-42;2015-01-01;21;55158;PNA;Preferencial Classe A;0;0.000000
91.820.068/0001-72;2015-01-01;5;54937;PNA;Preferencial Classe A;1673578;14.030000
92.012.467/0001-70;2015-01-01;8;55146;PNA;Preferencial Classe A;0;0.000000
92.012.467/0001-70;2015-12-31;4;45756;PNA;Preferencial Classe A;0;0.000000
92.660.570/0001-26;2015-01-01;2;55536;PNA;Preferencial Classe A;0;0.000000
92.693.019/0001-89;2015-01-01;6;55330;PNA;Preferencial Classe A;0;0.000000
92.702.067/0001-96;2015-01-01;24;55921;PNA;Preferencial Classe A;798042;0.195132
92.702.067/0001-96;2015-01-01;24;55921;PNB;Preferencial Classe B;174315674;42.622628
92.715.812/0001-31;2015-01-01;7;55952;PNA;Preferencial Classe A;0;0.000000
92.721.232/0001-57;2015-01-01;5;48128;PNA;Preferencial Classe A;0;0.000000
92.802.784/0001-90;2015-01-01;3;55545;PNA;Preferencial Classe A;0;0.000000
92.929.520/0001-00;2015-01-01;4;55798;PNA;Preferencial Classe A;12044150;47.016900
92.929.520/0001-00;2015-01-01;4;55798;PNB;Preferencial Classe B;2211750;34.536145
