CNPJ_Companhia;Data_Referencia;Versao;ID_Documento;ID_Capital_Social_Reducao;Tipo_Classe_Acao_Preferencial;Quantidade_Acoes
01.258.945/0001-70;2017-01-01;2;73875;8986;Preferencial Classe B;9831
01.258.945/0001-70;2017-01-01;2;73875;8987;Preferencial Classe A;117102
07.253.321/0001-47;2017-01-01;1;66324;8123;Preferencial Classe A;1
33.352.394/0001-04;2017-01-01;4;73772;8972;Preferencial Classe A;90050693404
62.002.886/0001-60;2017-01-01;5;73690;8959;Preferencial Classe A;2939
62.002.886/0001-60;2017-01-01;5;73690;8959;Preferencial Classe B;419
