CNPJ_Companhia;Data_Referencia;Versao;ID_Documento;Sigla_Classe_Acoes_Preferenciais;Classe_Acoes_Preferenciais;Quantidade_Acoes_Preferenciais_Circulacao;Percentual_Acoes_Preferenciais_Circulacao
00.001.180/0001-26;2017-01-01;26;74975;PNA;Preferencial Classe A;146920;100.000000
00.001.180/0001-26;2017-01-01;26;74975;PNB;Preferencial Classe B;225964766;85.129377
00.070.698/0001-11;2017-01-01;4;74149;PNA;Preferencial Classe A;1313002;100.000000
00.070.698/0001-11;2017-01-01;4;74149;PNB;Preferencial Classe B;1053503;17.798082
00.192.769/0001-59;2017-01-01;1;66099;PNA;Preferencial Classe A;0;0.000000
00.336.701/0001-04;2017-01-01;10;73539;PNA;Preferencial Classe A;2100299;100.000000
00.359.742/0001-08;2017-01-01;5;68521;PNA;Preferencial Classe A;0;0.000000
00.644.907/0001-93;2017-01-01;5;74610;PNA;Preferencial Classe A;16288514;4.240000
00.644.907/0001-93;2017-01-01;5;74610;PNB;Preferencial Classe B;5156240;1.340000
00.644.907/0001-93;2017-01-01;5;74610;PNC;Preferencial Classe C;107199382;27.900000
00.644.907/0001-93;2017-01-01;5;74610;PNR;Preferencial Classe R;255559826;66.520000
00.864.214/0001-06;2017-01-01;18;74952;PNA;Preferencial Classe A;0;0.000000
00.866.577/0001-80;2017-01-01;5;70762;PNA;Preferencial Classe A;0;0.000000
00.938.574/0001-05;2017-01-01;5;71125;PNA;Preferencial Classe A;34134;100.000000
01.083.200/0001-18;2017-01-01;20;73251;PNA;Preferencial Classe A;0;0.000000
01.104.937/0001-70;2017-01-01;5;73632;PNA;Preferencial Classe A;0;0.000000
01.258.943/0001-81;2017-01-01;2;73876;PNB;Preferencial Classe B;943427;67.000000
01.258.944/0001-26;2017-01-01;5;74372;PNA;Preferencial Classe A;0;0.000000
01.417.222/0001-77;2017-01-01;11;72637;PNA;Preferencial Classe A;1055737;1.286289
01.417.222/0001-77;2017-01-01;11;72637;PNB;Preferencial Classe B;895635;1.286996
01.545.826/0001-07;2017-01-01;17;74965;PNA;Preferencial Classe A;0;0.000000
01.547.749/0001-16;2017-01-01;1;66068;PNA;Preferencial Classe A;0;0.000000
01.654.604/0001-14;2017-01-01;4;68547;PNA;Preferencial Classe A;7594378;66.666666
01.851.771/0001-55;2017-01-01;3;74005;PNA;Preferencial Classe A;0;0.000000
01.938.783/0001-11;2017-01-01;3;73807;PNA;Preferencial Classe A;0;0.000000
02.016.439/0001-38;2017-01-01;9;74069;PNA;Preferencial Classe A;0;0.000000
02.016.440/0001-62;2017-01-01;19;74558;PNA;Preferencial Classe A;0;0.000000
02.062.747/0001-08;2017-01-01;4;74008;PNA;Preferencial Classe A;0;0.000000
02.105.040/0001-23;2017-01-01;11;73760;PNA;Preferencial Classe A;246;0.590651
02.162.616/0001-94;2017-01-01;4;69052;PNA;Preferencial Classe A;0;0.000000
02.201.787/0001-85;2017-01-01;1;66747;PNA;Preferencial Classe A;20;0.000000
02.201.787/0001-85;2017-01-01;1;66747;PNB;Preferencial Classe B;10;0.000000
02.217.319/0001-07;2017-01-01;3;74010;PNA;Preferencial Classe A;0;0.000000
02.281.836/0001-37;2017-01-01;9;72252;PNA;Preferencial Classe A;18686075;0.000000
02.281.836/0001-37;2017-01-01;9;72252;PNB;Preferencial Classe B;7413673;100.000000
02.351.144/0001-18;2017-01-01;12;75006;PNA;Preferencial Classe A;0;0.000000
02.366.097/0001-86;2017-01-01;1;66289;PNA;Preferencial Classe A;0;0.000000
02.382.073/0001-10;2017-01-01;3;70200;PNA;Preferencial Classe A;0;0.000000
02.387.241/0001-60;2017-01-01;21;74113;PNZR;Preferencial Classe ZR;0;0.000000
02.451.848/0001-62;2017-01-01;11;75152;PNA;Preferencial Classe A;0;0.000000
02.474.103/0001-19;2017-01-01;10;73385;PNA;Preferencial Classe A;0;0.000000
02.502.844/0001-66;2017-01-01;6;74376;PNA;Preferencial Classe A;0;0.000000
02.509.491/0001-26;2017-01-01;8;73523;PNA;Preferencial Classe A;0;0.000000
02.555.926/0001-79;2017-01-01;1;66283;PNA;Preferencial Classe A;0;0.000000
02.591.787/0001-39;2017-01-01;4;70907;PNA;Preferencial Classe A;0;0.000000
02.604.997/0001-14;2017-01-01;4;74227;PNA;Preferencial Classe A;0;0.000000
02.682.287/0001-02;2017-01-01;6;73131;PNA;Preferencial Classe A;0;0.000000
02.724.983/0001-34;2017-01-01;3;71308;PNA;Preferencial Classe A;0;0.000000
02.762.113/0001-50;2017-01-01;5;73132;PNA;Preferencial Classe A;0;0.000000
02.762.113/0001-50;2017-01-01;5;73132;PNB;Preferencial Classe B;0;0.000000
02.796.775/0001-40;2017-01-01;2;74016;PNA;Preferencial Classe A;0;0.000000
02.800.026/0001-40;2017-01-01;17;74925;PNA;Preferencial Classe A;0;0.000000
02.992.449/0001-09;2017-01-01;4;74019;PNA;Preferencial Classe A;0;0.000000
02.998.611/0001-04;2017-01-01;15;71265;PNA;Preferencial Classe A;0;0.000000
03.303.999/0001-36;2017-01-01;3;71420;PNA;Preferencial Classe A;0;0.000000
03.758.318/0001-24;2017-01-01;16;74706;PNA;Preferencial Classe A;0;0.000000
03.767.538/0001-14;2017-01-01;5;73130;PNA;Preferencial Classe A;0;0.000000
03.795.050/0001-09;2017-01-01;5;73413;PNA;Preferencial Classe A;0;0.000000
03.847.461/0001-92;2017-01-01;13;75045;PNA;Preferencial Classe A;0;0.000000
03.953.509/0001-47;2017-01-01;7;73921;PNA;Preferencial Classe A;0;0.000000
04.038.763/0001-82;2017-01-01;2;73874;PNB;Preferencial Classe B;1373254;66.600000
04.089.570/0001-50;2017-01-01;6;72747;PNA;Preferencial Classe A;0;0.000000
04.149.454/0001-80;2017-01-01;14;74923;PNA;Preferencial Classe A;0;0.000000
04.172.213/0001-51;2017-01-01;9;74044;PNA;Preferencial Classe A;0;0.000000
04.233.319/0001-18;2017-01-01;11;75049;PNA;Preferencial Classe A;0;0.000000
04.370.450/0001-27;2017-02-01;2;64193;PNA;Preferencial Classe A;0;0.000000
04.437.534/0001-30;2017-01-01;10;74092;PNA;Preferencial Classe A;0;0.000000
04.895.728/0001-80;2017-01-01;6;74400;PNA;Preferencial Classe A;1820804;0.080000
04.895.728/0001-80;2017-01-01;6;74400;PNB;Preferencial Classe B;1085371;0.050000
04.895.728/0001-80;2017-01-01;6;74400;PNC;Preferencial Classe C;1085346;0.050000
04.912.242/0001-02;2017-01-01;1;66042;PNA;Preferencial Classe A;5535;100.000000
05.336.882/0001-84;2017-01-01;2;73941;PNA;Preferencial Classe A;0;0.000000
06.272.793/0001-84;2017-01-01;4;74015;PNA;Preferencial Classe A;470534;37.961000
06.272.793/0001-84;2017-01-01;4;74015;PNB;Preferencial Classe B;617046;37.955000
06.977.745/0001-91;2017-01-01;18;75053;PNA;Preferencial Classe A;0;0.000000
06.981.176/0001-58;2017-01-01;12;73939;PNA;Preferencial Classe A;0;0.000000
07.021.459/0001-10;2017-01-01;4;66060;PNA;Preferencial Classe A;0;0.000000
07.043.628/0001-13;2017-01-01;2;66751;PNA;Preferencial Classe A;0;0.000000
07.047.251/0001-70;2017-01-01;10;73851;PNA;Preferencial Classe A;17661680;62.513247
07.047.251/0001-70;2017-01-01;10;73851;PNB;Preferencial Classe B;1534238;99.972372
07.206.816/0001-15;2017-01-01;4;74714;PNA;Preferencial Classe A;0;0.000000
07.253.321/0001-47;2017-01-01;1;66324;PNA;Preferencial Classe A;66000;100.000000
07.275.159/0001-68;2017-01-01;2;68443;PNA;Preferencial Classe A;226530;13.550000
07.275.159/0001-68;2017-01-01;2;68443;PNB;Preferencial Classe B;536835;32.100000
07.275.159/0001-68;2017-01-01;2;68443;PNC;Preferencial Classe C;908881;54.350000
07.628.528/0001-59;2017-06-30;4;69112;PNA;Preferencial Classe A;0;0.000000
07.659.538/0001-51;2017-01-01;3;69741;PNA;Preferencial Classe A;0;100.000000
07.710.591/0001-30;2017-01-01;4;74946;PNA;Preferencial Classe A;0;0.000000
07.857.850/0001-50;2017-01-01;6;73125;PNA;Preferencial Classe A;67089077;100.000000
07.859.971/0001-30;2017-01-01;31;73988;PNA;Preferencial Classe A;369136408;83.367440
08.312.229/0001-73;2017-01-01;6;73766;PNA;Preferencial Classe A;0;0.000000
08.324.196/0001-81;2017-01-01;18;75145;PNA;Preferencial Classe A;351102;1.703872
08.324.196/0001-81;2017-01-01;18;75145;PNB;Preferencial Classe B;229279;1.293777
08.343.492/0001-20;2017-01-01;9;75066;PNA;Preferencial Classe A;0;0.000000
08.402.943/0001-52;2017-01-01;5;74084;PNA;Preferencial Classe A;3206067;10.280000
08.424.178/0001-71;2017-01-01;1;66018;PNA;Preferencial Classe A;28607;23.710000
08.424.178/0001-71;2017-01-01;1;66018;PNB;Preferencial Classe B;14;0.011000
08.424.178/0001-71;2017-01-01;1;66018;PNC;Preferencial Classe C;73969;61.290000
08.439.659/0001-50;2017-01-01;16;73643;PNA;Preferencial Classe A;0;0.000000
08.613.550/0001-98;2017-01-01;19;74998;PNA;Preferencial Classe A;0;0.000000
08.653.753/0001-08;2017-01-01;4;74872;PNA;Preferencial Classe A;0;0.000000
08.684.547/0001-65;2017-01-01;12;74247;PNA;Preferencial Classe A;0;0.000000
08.741.499/0001-08;2017-01-01;13;73469;PNA;Preferencial Classe A;0;0.000000
08.773.191/0001-36;2017-01-01;5;74026;PNA;Preferencial Classe A;0;0.000000
08.807.432/0001-10;2017-01-01;16;73576;PNA;Preferencial Classe A;0;0.000000
08.827.501/0001-58;2017-01-01;4;73573;PNA;Preferencial Classe A;0;0.000000
08.935.054/0001-50;2017-01-01;1;76190;PNB;Preferencial Classe B;11293745;100.000000
08.937.002/0001-13;2017-01-01;2;68375;PNA;Preferencial Classe A;0;0.000000
09.041.168/0001-10;2017-01-01;8;70727;PNA;Preferencial Classe A;0;0.000000
09.112.685/0001-32;2017-01-01;2;74778;PNA;Preferencial Classe A;0;0.000000
09.116.278/0001-01;2017-01-01;1;66558;PNA;Preferencial Classe A;461266;11.000000
09.116.278/0001-01;2017-01-01;1;66558;PNB;Preferencial Classe B;72447;2.000000
09.116.278/0001-01;2017-01-01;1;66558;PNC;Preferencial Classe C;82043;2.000000
09.116.278/0001-01;2017-01-01;1;66558;PND;Preferencial Classe D;3457776;85.000000
09.324.949/0001-11;2017-01-01;3;73689;PNA;Preferencial Classe A;0;0.000000
09.325.109/0001-73;2017-01-01;5;75104;PNA;Preferencial Classe A;0;0.000000
09.336.431/0001-06;2017-01-01;4;73912;PNA;Preferencial Classe A;0;0.000000
09.358.105/0001-91;2017-01-01;1;66347;PNA;Preferencial Classe A;0;0.000000
10.215.988/0001-60;2017-01-01;18;75142;PNA;Preferencial Classe A;0;0.000000
10.324.624/0001-18;2017-01-01;7;75014;PNA;Preferencial Classe A;0;0.000000
10.635.691/0001-53;2017-01-01;2;74045;PNA;Preferencial Classe A;0;0.000000
10.753.164/0001-43;2017-01-01;8;71895;PNA;Preferencial Classe A;0;0.000000
10.835.932/0001-08;2017-01-01;8;73645;PNA;Preferencial Classe A;7102982;93.864723
10.835.932/0001-08;2017-01-01;8;73645;PNB;Preferencial Classe B;342066;46.073156
10.841.050/0001-55;2017-01-01;10;73524;PNA;Preferencial Classe A;0;0.000000
11.257.352/0001-43;2017-01-01;2;66854;PNA;Preferencial Classe A;0;0.000000
11.284.204/0001-18;2017-01-01;2;74320;PNE;Preferencial Classe E;0;0.000000
11.423.623/0001-93;2017-01-01;10;74716;PNA;Preferencial Classe A;0;0.000000
12.979.898/0001-70;2017-01-01;5;69118;PNA;Preferencial Classe A;0;0.000000
13.009.717/0001-46;2017-01-01;10;73373;PNA;Preferencial Classe A;0;0.000000
13.349.677/0001-81;2017-01-01;1;65763;PNA;Preferencial Classe A;0;0.000000
13.483.537/0001-00;2017-01-01;1;70470;PNA;Preferencial Classe A;0;0.000000
13.574.594/0001-96;2017-01-01;6;74382;PNA;Preferencial Classe A;0;0.000000
13.584.310/0001-42;2017-01-01;2;67194;PNA;Preferencial Classe A;0;0.000000
14.308.514/0001-13;2017-01-01;4;74111;PNA;Preferencial Classe A;8451;100.000000
14.333.683/0001-03;2017-01-01;2;68334;PNA;Preferencial Classe A;0;100.000000
14.388.334/0001-99;2017-01-01;10;74416;PNA;Preferencial Classe A;0;0.000000
14.962.356/0001-10;2017-01-01;1;65880;PNA;Preferencial Classe A;0;0.000000
14.998.371/0001-19;2017-01-01;3;74569;PNA;Preferencial Classe A;10334449;99.987064
14.998.371/0001-19;2017-01-01;3;74569;PNB;Preferencial Classe B;1337;0.012936
15.011.696/0001-29;2017-01-01;1;66551;PNA;Preferencial Classe A;0;0.000000
15.073.274/0001-88;2017-01-01;7;73864;PNA;Preferencial Classe A;28836873;100.000000
15.073.274/0001-88;2017-01-01;7;73864;PNB;Preferencial Classe B;57673746;100.000000
15.073.274/0001-88;2017-01-01;7;73864;PNC;Preferencial Classe C;0;0.000000
15.073.274/0001-88;2017-01-01;7;73864;PND;Preferencial Classe D;0;0.000000
15.115.504/0001-24;2017-01-01;3;74133;PNA;Preferencial Classe A;9873790;65.000000
15.115.504/0001-24;2017-01-01;3;74133;PNB;Preferencial Classe B;5214489;45.000000
15.139.629/0001-94;2017-01-01;12;73281;PNA;Preferencial Classe A;305419;1.561642
15.141.799/0001-03;2017-01-01;2;73403;PNA;Preferencial Classe A;0;0.000000
15.144.017/0001-90;2017-01-01;4;73230;PNA;Preferencial Classe A;1452719;37.831223
15.527.906/0001-36;2017-03-31;5;68329;PNA;Preferencial Classe A;0;0.000000
15.912.764/0001-20;2017-01-01;3;68991;PNA;Preferencial Classe A;0;0.000000
16.234.171/0001-15;2017-01-01;1;66344;PNA;Preferencial Classe A;87595802;29.590000
16.234.171/0001-15;2017-01-01;1;66344;PNB;Preferencial Classe B;9819517;3.320000
16.234.171/0001-15;2017-01-01;1;66344;PNC;Preferencial Classe C;99970883;33.760000
16.590.234/0001-76;2017-01-01;8;73670;PNA;Preferencial Classe A;0;0.000000
16.670.085/0001-55;2017-01-01;11;74492;PNA;Preferencial Classe A;0;0.000000
17.162.082/0001-73;2017-01-01;4;74162;PNA;Preferencial Classe A;149876;1.453782
17.162.082/0001-73;2017-01-01;4;74162;PNB;Preferencial Classe B;163737;1.588222
17.167.396/0001-69;2017-01-01;5;73612;PNA;Preferencial Classe A;6172899;43.125264
17.167.396/0001-69;2017-01-01;5;73612;PNB;Preferencial Classe B;11845290;48.632462
17.167.412/0001-13;2017-01-01;7;73611;PNA;Preferencial Classe A;18809395;42.440749
17.184.037/0001-10;2017-01-01;17;73685;PNA;Preferencial Classe A;0;0.000000
17.193.806/0001-46;2017-01-01;6;73614;PNA;Preferencial Classe A;90335;54.769729
17.193.806/0001-46;2017-01-01;6;73614;PNB;Preferencial Classe B;1046411;44.905120
17.193.806/0001-46;2017-01-01;6;73614;PNC;Preferencial Classe C;93239;42.407772
17.193.806/0001-46;2017-01-01;6;73614;PND;Preferencial Classe D;795708;38.635661
17.193.806/0001-46;2017-01-01;6;73614;PNE;Preferencial Classe E;2546190;37.669182
17.193.806/0001-46;2017-01-01;6;73614;PNF;Preferencial Classe F;6863489;31.603460
17.234.244/0001-31;2017-01-01;10;73214;PNA;Preferencial Classe A;0;0.000000
18.494.485/0001-82;2017-01-01;5;73980;PNA;Preferencial Classe A;0;0.000000
18.572.225/0001-88;2017-01-01;1;66526;PNA;Preferencial Classe A;0;0.000000
19.688.956/0001-56;2017-01-01;9;71569;PNA;Preferencial Classe A;0;0.000000
19.726.048/0001-00;2017-01-01;7;74962;PNA;Preferencial Classe A;0;0.000000
20.445.827/0001-16;2017-01-01;1;66178;PNA;Preferencial Classe A;0;0.000000
21.314.559/0001-66;2017-01-01;8;74880;PNA;Preferencial Classe A;0;0.000000
21.414.457/0001-12;2017-01-01;3;68858;PNA;Preferencial Classe A;0;0.000000
21.610.416/0001-00;2017-01-01;1;66182;PNA;Preferencial Classe A;0;0.000000
22.543.331/0001-00;2017-01-01;2;73448;PNA;Preferencial Classe A;0;0.000000
22.770.366/0001-82;2017-01-01;7;72752;PNA;Preferencial Classe A;792713;5.469319
24.962.466/0001-36;2017-01-01;6;74364;PNA;Preferencial Classe A;4324161;6.232496
24.962.466/0001-36;2017-01-01;6;74364;PNB;Preferencial Classe B;737396;14.374917
25.089.509/0001-83;2017-01-01;5;73790;PNA;Preferencial Classe A;0;0.000000
25.089.509/0001-83;2017-01-01;5;73790;PNB;Preferencial Classe B;0;0.000000
26.386.169/0001-15;2017-01-01;5;68745;PNA;Preferencial Classe A;0;0.000000
27.956.690/0001-03;2017-01-01;1;71124;PNA;Preferencial Classe A;0;0.000000
28.195.667/0001-06;2017-01-01;13;74660;PNA;Preferencial Classe A;0;0.000000
30.540.991/0001-66;2017-01-01;4;69229;PNA;Preferencial Classe A;0;0.000000
33.035.536/0001-00;2017-01-01;8;74174;PNA;Preferencial Classe A;0;0.000000
33.040.601/0001-87;2017-01-01;9;73735;PNA;Preferencial Classe A;0;0.000000
33.050.196/0001-88;2017-01-01;16;74048;PNA;Preferencial Classe A;0;0.000000
33.050.196/0001-88;2017-01-01;16;74048;PNB;Preferencial Classe B;0;0.000000
33.050.196/0001-88;2017-01-01;16;74048;PNC;Preferencial Classe C;0;0.000000
33.102.476/0001-92;2017-01-01;4;74100;PNA;Preferencial Classe A;0;0.000000
33.200.049/0001-47;2017-01-01;2;73465;PNA;Preferencial Classe A;2369881;30.019416
33.228.024/0001-51;2017-01-01;4;73681;PNA;Preferencial Classe A;0;0.000000
33.352.394/0001-04;2017-01-01;4;73772;PNA;Preferencial Classe A;0;0.000000
33.386.210/0001-19;2017-01-01;3;75072;PNA;Preferencial Classe A;555719;70.830000
33.386.210/0001-19;2017-01-01;3;75072;PNB;Preferencial Classe B;307725;37.650000
33.541.368/0001-16;2017-01-01;7;73927;PNA;Preferencial Classe A;0;0.000000
33.611.500/0001-19;2017-01-01;9;73743;PNA;Preferencial Classe A;0;0.000000
33.958.695/0001-78;2017-01-01;24;74996;PNA;Preferencial Classe A;2014199;77.746988
33.958.695/0001-78;2017-01-01;24;74996;PNB;Preferencial Classe B;39455978;74.291854
34.169.557/0001-72;2017-01-01;20;73700;PNA;Preferencial Classe A;0;0.000000
34.265.561/0001-34;2017-01-01;1;66481;PNA;Preferencial Classe A;0;0.000000
35.791.391/0001-94;2017-01-01;7;74907;PNA;Preferencial Classe A;0;0.000000
39.115.514/0001-28;2017-01-01;6;74370;PNA;Preferencial Classe A;0;0.000000
42.150.391/0001-70;2017-01-01;5;74277;PNA;Preferencial Classe A;264593366;35.000000
42.150.391/0001-70;2017-01-01;5;74277;PNB;Preferencial Classe B;578330;0.100000
42.278.291/0001-24;2017-01-01;6;90852;PNA;Preferencial Classe A;0;0.000000
42.331.462/0001-31;2017-01-01;11;73828;PNA;Preferencial Classe A;2950367;19.209143
45.987.245/0001-92;2017-01-01;10;73340;PNA;Preferencial Classe A;0;0.000000
46.119.855/0001-37;2017-01-01;4;72648;PNA;Preferencial Classe A;0;0.000000
47.509.120/0001-82;2017-01-01;19;75047;PNA;Preferencial Classe A;0;0.000000
51.928.174/0001-50;2017-01-01;5;73717;PNA;Preferencial Classe A;0;0.000000
52.548.435/0001-79;2017-01-01;9;73658;PNA;Preferencial Classe A;0;0.000000
53.790.218/0001-53;2017-01-01;2;66945;PNA;Preferencial Classe A;0;0.000000
56.643.018/0001-66;2017-01-01;2;73646;PNA;Preferencial Classe A;56493469;92.100000
56.992.423/0001-90;2017-01-01;3;72650;PNA;Preferencial Classe A;0;0.000000
58.119.199/0001-51;2017-01-01;18;73227;PNA;Preferencial Classe A;0;0.000000
59.105.999/0001-86;2017-01-01;7;74087;PNA;Preferencial Classe A;0;0.000000
59.285.411/0001-13;2017-01-01;17;73823;PNA;Preferencial Classe A;0;0.000000
59.789.545/0001-71;2017-01-01;3;74020;PNA;Preferencial Classe A;0;0.000000
60.476.884/0001-87;2017-01-01;3;73893;PNA;Preferencial Classe A;0;0.000000
60.543.816/0001-93;2017-01-01;11;73536;PNA;Preferencial Classe A;0;0.000000
60.643.228/0001-21;2017-01-01;10;73979;PNA;Preferencial Classe A;0;0.000000
60.730.348/0001-66;2017-01-01;4;74197;PNA;Preferencial Classe A;425497;55.020000
60.770.336/0001-65;2017-01-01;8;73610;PNA;Preferencial Classe A;12754369;36.318138
60.851.615/0001-53;2017-01-01;3;74359;PNA;Preferencial Classe A;974400;89.560000
60.894.730/0001-05;2017-01-01;6;75046;PNA;Preferencial Classe A;510965930;93.290000
60.894.730/0001-05;2017-01-01;6;75046;PNB;Preferencial Classe B;77763;100.000000
60.933.603/0001-78;2017-01-01;14;74289;PNA;Preferencial Classe A;7399122;100.000000
60.933.603/0001-78;2017-01-01;14;74289;PNB;Preferencial Classe B;182007131;86.282800
61.079.117/0001-05;2017-01-01;21;74598;PNA;Preferencial Classe A;0;0.000000
61.082.004/0001-50;2017-01-01;5;73644;PNA;Preferencial Classe A;538886;97.424132
61.088.894/0001-08;2017-01-01;3;68391;PNA;Preferencial Classe A;0;0.000000
61.156.113/0001-75;2017-01-01;16;73630;PNA;Preferencial Classe A;0;0.000000
61.486.650/0001-83;2017-01-01;11;73637;PNA;Preferencial Classe A;0;0.000000
61.856.571/0001-17;2017-01-01;14;74773;PNA;Preferencial Classe A;23496617;83.555366
62.002.886/0001-60;2017-01-01;5;73690;PNA;Preferencial Classe A;37872;0.731301
62.002.886/0001-60;2017-01-01;5;73690;PNB;Preferencial Classe B;58820;1.135802
62.144.175/0001-20;2017-01-01;16;73213;PNA;Preferencial Classe A;0;0.000000
62.232.889/0001-90;2017-01-01;5;74956;PNA;Preferencial Classe A;0;0.000000
65.654.303/0001-73;2017-01-01;7;74350;PNA;Preferencial Classe A;0;0.000000
67.010.660/0001-24;2017-01-01;12;74563;PNA;Preferencial Classe A;0;0.000000
67.620.377/0001-14;2017-01-01;19;74928;PNA;Preferencial Classe A;0;0.000000
69.720.910/0001-45;2017-01-01;3;68960;PNA;Preferencial Classe A;0;0.000000
73.178.600/0001-18;2017-01-01;13;74032;PNA;Preferencial Classe A;0;0.000000
74.409.467/0001-26;2017-01-01;2;70557;PNA;Preferencial Classe A;0;0.000000
75.609.123/0001-23;2017-01-01;5;72786;PNA;Preferencial Classe A;0;0.000000
76.483.817/0001-20;2017-01-01;17;75022;PNA;Preferencial Classe A;328627;100.000000
76.483.817/0001-20;2017-01-01;17;75022;PNB;Preferencial Classe B;101013662;78.735053
76.535.764/0001-43;2017-01-01;30;73843;PNA;Preferencial Classe A;0;0.000000
82.508.433/0001-17;2017-01-01;5;74865;PNA;Preferencial Classe A;16133;0.004512
82.636.986/0001-55;2017-01-01;6;76730;PNA;Preferencial Classe A;0;0.000000
82.640.632/0001-84;2017-01-01;2;72288;PNA;Preferencial Classe A;0;0.000000
82.641.325/0001-18;2017-01-01;8;73728;PNA;Preferencial Classe A;0;0.000000
82.643.537/0001-34;2017-01-01;7;72422;PNA;Preferencial Classe A;1275000;56.666667
84.683.408/0001-03;2017-01-01;5;74351;PNA;Preferencial Classe A;0;0.000000
84.693.183/0001-68;2017-01-01;3;73638;PNU;Preferencial Classe U;28792321;78.774384
85.041.333/0001-11;2017-01-01;6;71644;PNA;Preferencial Classe A;0;0.000000
85.778.074/0001-06;2017-01-01;1;65924;PNA;Preferencial Classe A;139898;100.000000
86.375.425/0001-09;2017-01-01;2;69051;PNA;Preferencial Classe A;0;0.000000
87.043.832/0001-73;2017-01-01;3;73926;PNA;Preferencial Classe A;0;0.000000
87.762.563/0001-03;2017-01-01;7;74218;PNA;Preferencial Classe A;3826275;64.300000
88.613.658/0001-10;2017-06-30;4;69463;PNA;Preferencial Classe A;31565640;100.000000
89.086.144/0001-16;2017-01-01;9;73754;PNA;Preferencial Classe A;0;0.000000
89.463.822/0001-12;2017-01-01;3;74921;PNA;Preferencial Classe A;0;0.000000
89.547.269/0001-04;2017-01-01;1;70644;PNA;Preferencial Classe A;2911;45.200000
89.637.490/0001-45;2017-01-01;19;73520;PNA;Preferencial Classe A;0;0.000000
90.400.888/0001-42;2017-01-01;24;74206;PNA;Preferencial Classe A;0;0.000000
90.441.460/0001-48;2017-01-01;8;73688;PNA;Preferencial Classe A;0;0.000000
92.012.467/0001-70;2017-01-01;3;73275;PNA;Preferencial Classe A;0;0.000000
92.660.570/0001-26;2017-01-01;2;73914;PNA;Preferencial Classe A;0;0.000000
92.693.019/0001-89;2017-01-01;5;73806;PNA;Preferencial Classe A;0;0.000000
92.702.067/0001-96;2017-01-01;22;74959;PNA;Preferencial Classe A;789914;51.246230
92.702.067/0001-96;2017-01-01;22;74959;PNB;Preferencial Classe B;200315260;98.983324
92.715.812/0001-31;2017-01-01;16;74953;PNA;Preferencial Classe A;0;0.000000
92.929.520/0001-00;2017-01-01;7;74943;PNA;Preferencial Classe A;243856;47.597261
92.929.520/0001-00;2017-01-01;7;74943;PNB;Preferencial Classe B;44221;34.525269
97.191.902/0001-94;2017-01-01;2;73710;PNA;Preferencial Classe A;0;0.000000
