CNPJ_Companhia;Data_Referencia;Versao;ID_Documento;ID_Capital_Social_Reducao;Tipo_Classe_Acao_Preferencial;Quantidade_Acoes
00.649.881/0001-76;2013-01-01;6;31896;4267;Preferencial Classe A;81593777
01.258.945/0001-70;2013-01-01;4;37346;4807;Preferencial Classe B;9831
01.258.945/0001-70;2013-01-01;4;37346;4808;Preferencial Classe A;117102
02.762.113/0001-50;2013-01-01;7;37979;4849;Preferencial Classe A;417
02.762.113/0001-50;2013-01-01;7;37979;4849;Preferencial Classe B;190
07.253.321/0001-47;2013-01-01;1;29126;3912;Preferencial Classe A;1
08.904.552/0001-36;2013-01-01;3;31581;4206;Preferencial Classe A;2412
08.904.552/0001-36;2013-01-01;3;31581;4207;Preferencial Classe A;40088674
09.400.937/0001-29;2013-01-01;6;37357;4816;Preferencial Classe A;225497
24.956.666/0001-86;2013-01-01;1;29495;3967;Preferencial Classe A;1
33.352.394/0001-04;2013-01-01;7;36943;4757;Preferencial Classe A;90050693404
62.002.886/0001-60;2013-01-01;16;38238;4880;Preferencial Classe A;2939
62.002.886/0001-60;2013-01-01;16;38238;4880;Preferencial Classe B;419
