CNPJ_Companhia;Data_Referencia;Versao;ID_Documento;Sigla_Classe_Acoes_Preferenciais;Classe_Acoes_Preferenciais;Quantidade_Acoes_Preferenciais_Circulacao;Percentual_Acoes_Preferenciais_Circulacao
00.001.180/0001-26;2013-01-01;6;38057;PNA;Preferencial Classe A;146920;100.000000
00.001.180/0001-26;2013-01-01;6;38057;PNB;Preferencial Classe B;219730858;82.780000
00.070.698/0001-11;2013-01-01;7;34109;PNA;Preferencial Classe A;1313002;14.297500
00.070.698/0001-11;2013-01-01;7;34109;PNB;Preferencial Classe B;1028423;11.198600
00.336.701/0001-04;2013-01-01;12;36726;PNA;Preferencial Classe A;0;0.000000
00.545.378/0001-70;2013-01-01;2;41689;PNA;Preferencial Classe A;0;0.000000
00.644.907/0001-93;2013-01-01;5;37962;PNA;Preferencial Classe A;16288514;4.240000
00.644.907/0001-93;2013-01-01;5;37962;PNB;Preferencial Classe B;5156240;1.340000
00.644.907/0001-93;2013-01-01;5;37962;PNC;Preferencial Classe C;107199382;27.900000
00.644.907/0001-93;2013-01-01;5;37962;PNR;Preferencial Classe R;255559826;66.520000
00.866.577/0001-80;2013-01-01;5;33929;PNA;Preferencial Classe A;0;0.000000
00.938.574/0001-05;2013-01-01;6;36660;PNA;Preferencial Classe A;34134;100.000000
01.104.937/0001-70;2013-01-01;4;37083;PNA;Preferencial Classe A;0;0.000000
01.258.945/0001-70;2013-01-01;4;37346;PNA;Preferencial Classe A;0;0.000000
01.417.222/0001-77;2013-01-01;15;36864;PNA;Preferencial Classe A;35055737;42.700000
01.417.222/0001-77;2013-01-01;15;36864;PNB;Preferencial Classe B;895635;1.300000
01.545.826/0001-07;2013-01-01;13;38029;PNA;Preferencial Classe A;0;0.000000
01.547.749/0001-16;2013-01-01;1;28689;PNA;Preferencial Classe A;0;0.000000
01.616.929/0001-02;2013-01-01;4;32217;PNA;Preferencial Classe A;11396;0.002902
01.654.604/0001-14;2013-01-01;3;30017;PNA;Preferencial Classe A;58947366;66.666666
01.851.771/0001-55;2013-01-01;6;37956;PNA;Preferencial Classe A;0;0.000000
01.858.774/0001-10;2013-01-01;5;33175;PNA;Preferencial Classe A;0;0.000000
02.016.440/0001-62;2013-01-01;7;33834;PNA;Preferencial Classe A;0;0.000000
02.062.747/0001-08;2013-01-01;6;36957;PNA;Preferencial Classe A;0;0.000000
02.105.040/0001-23;2013-01-01;7;36372;PNA;Preferencial Classe A;0;0.000000
02.162.616/0001-94;2013-01-01;2;29159;PNA;Preferencial Classe A;0;0.000000
02.193.750/0001-52;2013-01-01;13;53672;PNA;Preferencial Classe A;0;0.000000
02.201.787/0001-85;2013-01-01;1;28666;PNA;Preferencial Classe A;20;0.000000
02.201.787/0001-85;2013-01-01;1;28666;PNB;Preferencial Classe B;10;0.000000
02.221.531/0001-30;2013-01-01;13;33629;PNA;Preferencial Classe A;1433066666;100.000000
02.291.077/0001-93;2013-01-01;2;31764;PNA;Preferencial Classe A;0;0.000000
02.366.097/0001-86;2013-01-01;7;38172;PNA;Preferencial Classe A;0;0.000000
02.390.206/0001-09;2013-01-01;3;37143;PNA;Preferencial Classe A;0;0.000000
02.429.144/0001-93;2013-01-01;7;37228;PNA;Preferencial Classe A;0;0.000000
02.451.848/0001-62;2013-01-01;14;36444;PNA;Preferencial Classe A;0;0.000000
02.474.103/0001-19;2013-01-01;7;36731;PNA;Preferencial Classe A;0;0.000000
02.509.491/0001-26;2013-01-01;22;37446;PNA;Preferencial Classe A;0;0.000000
02.535.295/0001-26;2013-01-01;3;29282;PNA;Preferencial Classe A;60505;60.000000
02.541.982/0001-54;2013-01-01;24;36796;PNA;Preferencial Classe A;0;0.000000
02.555.926/0001-79;2013-01-01;7;38186;PNA;Preferencial Classe A;0;0.000000
02.724.983/0001-34;2013-01-01;3;37570;PNA;Preferencial Classe A;0;0.000000
02.762.113/0001-50;2013-01-01;7;37979;PNA;Preferencial Classe A;0;0.000000
02.762.113/0001-50;2013-01-01;7;37979;PNB;Preferencial Classe B;0;0.000000
02.796.775/0001-40;2013-01-01;7;38075;PNA;Preferencial Classe A;0;0.000000
02.808.708/0001-07;2013-01-01;7;33434;PNA;Preferencial Classe A;0;0.000000
02.950.811/0001-89;2013-01-01;17;36907;PNA;Preferencial Classe A;0;0.000000
02.992.449/0001-09;2013-01-01;8;37952;PNA;Preferencial Classe A;0;0.000000
02.998.611/0001-04;2013-01-01;12;36169;PNA;Preferencial Classe A;0;0.000000
03.758.318/0001-24;2013-01-01;6;37164;PNA;Preferencial Classe A;0;0.000000
03.795.050/0001-09;2013-01-01;11;37173;PNA;Preferencial Classe A;0;0.000000
03.847.461/0001-92;2013-01-01;5;37965;PNA;Preferencial Classe A;0;0.000000
04.032.433/0001-80;2013-01-01;17;38015;PNA;Preferencial Classe A;0;0.000000
04.038.763/0001-82;2013-01-01;5;37354;PNA;Preferencial Classe A;0;0.000000
04.149.454/0001-80;2013-01-01;22;37444;PNA;Preferencial Classe A;0;0.000000
04.172.213/0001-51;2013-01-01;3;36814;PNA;Preferencial Classe A;0;0.000000
04.370.450/0001-27;2013-01-01;9;38158;PNA;Preferencial Classe A;0;0.000000
04.821.041/0001-08;2013-01-01;6;38048;PNA;Preferencial Classe A;0;0.000000
04.912.242/0001-02;2013-01-01;1;28648;PNA;Preferencial Classe A;5535;100.000000
05.336.882/0001-84;2013-01-01;1;33844;PNA;Preferencial Classe A;0;0.000000
05.918.309/0001-89;2013-01-01;1;28781;PNA;Preferencial Classe A;0;0.000000
06.018.000/0001-03;2013-01-01;6;36146;PNA;Preferencial Classe A;0;0.000000
06.082.980/0001-03;2013-01-01;13;37054;PNA;Preferencial Classe A;0;0.000000
06.272.793/0001-84;2013-01-01;3;36849;PNA;Preferencial Classe A;470536;37.970000
06.272.793/0001-84;2013-01-01;3;36849;PNB;Preferencial Classe B;617046;37.955000
06.349.242/0001-71;2013-01-01;6;38227;PNA;Preferencial Classe A;0;0.000000
06.977.745/0001-91;2013-01-01;17;37316;PNA;Preferencial Classe A;0;0.000000
06.977.751/0001-49;2013-01-01;17;37187;PNA;Preferencial Classe A;0;0.000000
06.981.176/0001-58;2013-01-01;4;37305;PNA;Preferencial Classe A;0;0.000000
06.981.180/0001-16;2013-01-01;3;37306;PNA;Preferencial Classe A;0;0.000000
07.021.459/0001-10;2013-01-01;3;31363;PNA;Preferencial Classe A;0;0.000000
07.047.251/0001-70;2013-01-01;11;38252;PNA;Preferencial Classe A;17664694;62.520000
07.047.251/0001-70;2013-01-01;11;38252;PNB;Preferencial Classe B;1534238;99.970000
07.206.816/0001-15;2013-01-01;7;36825;PNA;Preferencial Classe A;0;0.000000
07.253.321/0001-47;2013-01-01;1;29126;PNA;Preferencial Classe A;66000;100.000000
07.275.159/0001-68;2013-01-01;1;28033;PNA;Preferencial Classe A;226530;13.550000
07.275.159/0001-68;2013-01-01;1;28033;PNB;Preferencial Classe B;536835;32.100000
07.275.159/0001-68;2013-01-01;1;28033;PNC;Preferencial Classe C;908881;54.350000
07.275.159/0001-68;2013-12-31;1;34683;PNA;Preferencial Classe A;226530;13.550000
07.275.159/0001-68;2013-12-31;1;34683;PNB;Preferencial Classe B;536835;32.100000
07.275.159/0001-68;2013-12-31;1;34683;PNC;Preferencial Classe C;908881;54.350000
07.332.190/0001-93;2013-01-01;1;28577;PNA;Preferencial Classe A;181147;23.460000
07.332.190/0001-93;2013-01-01;1;28577;PNB;Preferencial Classe B;219028;1.100000
07.526.557/0001-00;2013-01-01;12;38161;PNA;Preferencial Classe A;0;0.000000
07.620.094/0001-40;2013-01-01;8;37177;PNA;Preferencial Classe A;30542;1.560000
07.628.528/0001-59;2013-06-30;8;33176;PNA;Preferencial Classe A;0;0.000000
07.659.538/0001-51;2013-01-01;1;28908;PNB;Preferencial Classe B;0;0.000000
07.689.002/0001-89;2013-01-01;8;36457;PNA;Preferencial Classe A;0;0.000000
07.710.591/0001-30;2013-01-01;5;38234;PNA;Preferencial Classe A;0;0.000000
07.825.881/0001-29;2013-01-01;2;29612;PNA;Preferencial Classe A;0;0.000000
07.857.850/0001-50;2013-01-01;9;36322;PNA;Preferencial Classe A;101313290;92.000000
07.957.093/0001-96;2013-01-01;31;73590;PNA;Preferencial Classe A;0;0.000000
08.312.229/0001-73;2013-01-01;9;37263;PNA;Preferencial Classe A;0;0.000000
08.324.196/0001-81;2013-01-01;5;36741;PNA;Preferencial Classe A;365316;1.770000
08.324.196/0001-81;2013-01-01;5;36741;PNB;Preferencial Classe B;229411;1.290000
08.364.948/0001-38;2013-01-01;17;38542;PNA;Preferencial Classe A;0;0.000000
08.402.943/0001-52;2013-01-01;11;36504;PNA;Preferencial Classe A;3206067;10.280000
08.424.178/0001-71;2013-01-01;1;27085;PNA;Preferencial Classe A;286075;27.900000
08.424.178/0001-71;2013-01-01;1;27085;PNB;Preferencial Classe B;137;0.000001
08.424.178/0001-71;2013-01-01;1;27085;PNC;Preferencial Classe C;739685;61.288888
08.467.115/0001-00;2013-01-01;8;36988;PNA;Preferencial Classe A;0;0.000000
08.613.550/0001-98;2013-01-01;10;38092;PNA;Preferencial Classe A;0;0.000000
08.653.753/0001-08;2013-01-01;2;37264;PNA;Preferencial Classe A;0;0.000000
08.807.432/0001-10;2013-01-01;9;37249;PNA;Preferencial Classe A;0;0.000000
08.835.366/0001-92;2013-01-01;7;34280;PNA;Preferencial Classe A;0;0.000000
08.884.213/0001-35;2013-01-01;7;37235;PNA;Preferencial Classe A;0;0.000000
08.887.330/0001-52;2013-03-31;3;29372;PNB;Preferencial Classe B;0;0.000000
08.887.330/0001-52;2013-04-01;4;35585;PNB;Preferencial Classe B;0;0.000000
08.904.552/0001-36;2013-01-01;3;31581;PNA;Preferencial Classe A;42321525;98.720000
08.935.054/0001-50;2013-01-01;2;45963;PNA;Preferencial Classe A;526456;21.081800
08.935.054/0001-50;2013-01-01;2;45963;PNB;Preferencial Classe B;1970751;78.918200
08.937.002/0001-13;2013-01-01;1;26927;PNA;Preferencial Classe A;0;0.000000
09.112.685/0001-32;2013-01-01;31;37031;PNA;Preferencial Classe A;0;0.000000
09.116.278/0001-01;2013-01-01;2;29267;PNA;Preferencial Classe A;461266;11.000000
09.116.278/0001-01;2013-01-01;2;29267;PNB;Preferencial Classe B;72447;2.000000
09.116.278/0001-01;2013-01-01;2;29267;PNC;Preferencial Classe C;82043;2.000000
09.116.278/0001-01;2013-01-01;2;29267;PND;Preferencial Classe D;3457776;85.000000
09.191.251/0001-75;2013-01-01;7;34291;PNA;Preferencial Classe A;0;0.000000
09.257.877/0001-37;2013-01-01;4;37379;PNA;Preferencial Classe A;0;0.000000
09.324.949/0001-11;2013-01-01;9;38195;PNA;Preferencial Classe A;0;0.000000
09.325.109/0001-73;2013-01-01;7;38201;PNA;Preferencial Classe A;0;0.000000
09.336.431/0001-06;2013-01-01;9;38196;PNA;Preferencial Classe A;0;0.000000
09.358.105/0001-91;2013-01-01;20;37575;PNA;Preferencial Classe A;0;0.000000
10.324.624/0001-18;2013-01-01;6;38251;PNA;Preferencial Classe A;0;0.000000
10.382.341/0001-22;2013-01-01;19;38211;PNE;Preferencial Classe E;1042;0.010442
10.382.341/0001-22;2013-01-01;19;38211;PNF;Preferencial Classe F;1042;0.010442
10.826.798/0001-89;2013-01-01;5;33661;PNA;Preferencial Classe A;0;0.000000
10.835.932/0001-08;2013-01-01;6;36868;PNA;Preferencial Classe A;7102860;93.864624
10.835.932/0001-08;2013-01-01;6;36868;PNB;Preferencial Classe B;342066;4.594619
10.841.050/0001-55;2013-01-01;19;37448;PNA;Preferencial Classe A;0;0.000000
10.847.761/0001-37;2013-01-01;6;34274;PNA;Preferencial Classe A;0;0.000000
11.395.624/0001-71;2013-01-01;27;38140;PNA;Preferencial Classe A;0;0.000000
11.423.623/0001-93;2013-01-01;12;37850;PNA;Preferencial Classe A;0;0.000000
11.566.501/0001-56;2013-03-31;6;30171;PNA;Preferencial Classe A;0;0.000000
11.616.840/0001-08;2013-01-01;3;33827;PNA;Preferencial Classe A;0;0.000000
11.992.680/0001-93;2013-01-01;15;38488;PNA;Preferencial Classe A;0;0.000000
12.126.500/0001-53;2013-01-01;4;36960;PNA;Preferencial Classe A;0;0.000000
12.394.916/0001-52;2013-01-01;3;32122;PNA;Preferencial Classe A;0;0.000000
12.394.936/0001-23;2013-01-01;2;33295;PNA;Preferencial Classe A;0;0.000000
12.394.972/0001-97;2013-01-01;2;33475;PNA;Preferencial Classe A;0;0.000000
12.394.991/0001-13;2013-01-01;2;31992;PNA;Preferencial Classe A;0;0.000000
12.395.010/0001-52;2013-01-01;1;31426;PNA;Preferencial Classe A;0;0.000000
12.395.063/0001-73;2013-01-01;3;31111;PNA;Preferencial Classe A;0;0.000000
12.492.734/0001-14;2013-01-01;2;31295;PNA;Preferencial Classe A;0;0.000000
12.610.072/0001-30;2013-01-01;2;29781;PNA;Preferencial Classe A;0;0.000000
12.610.097/0001-33;2013-01-01;3;33027;PNA;Preferencial Classe A;0;0.000000
12.610.165/0001-64;2013-01-01;10;34343;PNA;Preferencial Classe A;0;0.000000
12.646.054/0001-08;2013-01-01;2;33544;PNA;Preferencial Classe A;0;0.000000
13.009.717/0001-46;2013-01-01;14;37420;PNA;Preferencial Classe A;0;0.000000
13.444.994/0001-87;2013-01-01;8;37162;PNA;Preferencial Classe A;550000;52.884615
13.444.994/0001-87;2013-01-01;8;37162;PNB;Preferencial Classe B;240000;23.076923
13.720.879/0001-98;2013-01-01;2;26243;PNA;Preferencial Classe A;0;0.000000
13.720.918/0001-57;2013-01-01;1;29060;PNA;Preferencial Classe A;0;0.000000
14.308.514/0001-13;2013-01-01;4;37106;PNA;Preferencial Classe A;13213;100.000000
14.333.683/0001-03;2013-01-01;1;29097;PNA;Preferencial Classe A;0;0.000000
14.998.371/0001-19;2013-01-01;6;36526;PNA;Preferencial Classe A;10334449;99.987064
14.998.371/0001-19;2013-01-01;6;36526;PNB;Preferencial Classe B;1337;0.012936
15.073.274/0001-88;2013-01-01;3;37360;PNA;Preferencial Classe A;119358709;88.930978
15.073.274/0001-88;2013-01-01;3;37360;PNB;Preferencial Classe B;238717418;88.930978
15.073.274/0001-88;2013-01-01;3;37360;PNC;Preferencial Classe C;0;0.000000
15.073.274/0001-88;2013-01-01;3;37360;PND;Preferencial Classe D;19865336;16.557868
15.115.504/0001-24;2013-01-01;1;26725;PNA;Preferencial Classe A;369495375;37.000000
15.115.504/0001-24;2013-01-01;1;26725;PNB;Preferencial Classe B;280779240;54.000000
15.126.626/0001-16;2013-01-01;2;31982;PNA;Preferencial Classe A;0;0.000000
15.144.017/0001-90;2013-01-01;11;36280;PNA;Preferencial Classe A;1364654;35.540000
15.463.423/0001-15;2013-01-01;4;37118;PNA;Preferencial Classe A;0;0.000000
15.527.906/0001-36;2013-03-31;12;31099;PNA;Preferencial Classe A;0;0.000000
16.234.171/0001-15;2013-01-01;5;33318;PNA;Preferencial Classe A;946092;1.080065
16.234.171/0001-15;2013-01-01;5;33318;PNB;Preferencial Classe B;1266064;12.893342
16.234.171/0001-15;2013-01-01;5;33318;PNC;Preferencial Classe C;11779592;11.783023
16.404.287/0001-55;2013-01-01;11;38132;PNA;Preferencial Classe A;461276773;62.792197
16.404.287/0001-55;2013-01-01;11;38132;PNB;Preferencial Classe B;10339;0.532713
16.590.234/0001-76;2013-01-01;6;36647;PNA;Preferencial Classe A;0;0.000000
16.614.075/0001-00;2013-01-01;2;37313;PNA;Preferencial Classe A;0;0.000000
17.162.082/0001-73;2013-01-01;6;37460;PNA;Preferencial Classe A;149876;1.453782
17.162.082/0001-73;2013-01-01;6;37460;PNB;Preferencial Classe B;163737;1.588232
17.167.396/0001-69;2013-01-01;4;36830;PNA;Preferencial Classe A;6690514;46.741439
17.167.396/0001-69;2013-01-01;4;36830;PNB;Preferencial Classe B;12734592;52.283613
17.167.412/0001-13;2013-01-01;5;36652;PNA;Preferencial Classe A;20963906;100.000000
17.193.806/0001-46;2013-01-01;4;36829;PNA;Preferencial Classe A;93127;56.462507
17.193.806/0001-46;2013-01-01;4;36829;PNB;Preferencial Classe B;1058013;45.403002
17.193.806/0001-46;2013-01-01;4;36829;PNC;Preferencial Classe C;98223;44.674638
17.193.806/0001-46;2013-01-01;4;36829;PND;Preferencial Classe D;811265;39.391032
17.193.806/0001-46;2013-01-01;4;36829;PNE;Preferencial Classe E;2615453;38.693882
17.193.806/0001-46;2013-01-01;4;36829;PNF;Preferencial Classe F;6998844;32.226712
20.933.354/0001-04;2013-01-01;1;28640;PNA;Preferencial Classe A;0;0.000000
22.770.366/0001-82;2013-01-01;2;37100;PNA;Preferencial Classe A;422053086677;66.264037
24.956.666/0001-86;2013-01-01;1;29495;PNA;Preferencial Classe A;241858;0.150000
24.962.466/0001-36;2013-01-01;6;36596;PNA;Preferencial Classe A;4324161;6.232496
24.962.466/0001-36;2013-01-01;6;36596;PNB;Preferencial Classe B;737396;14.374917
26.386.169/0001-15;2013-01-01;3;36803;PNA;Preferencial Classe A;0;0.000000
28.573.830/0001-27;2013-01-01;1;33287;PNA;Preferencial Classe A;0;0.000000
30.306.294/0001-45;2013-01-01;3;37359;PNA;Preferencial Classe A;383439127;75.423664
30.306.294/0001-45;2013-01-01;3;37359;PNB;Preferencial Classe B;0;0.000000
30.540.991/0001-66;2013-01-01;1;28257;PNA;Preferencial Classe A;0;0.000000
31.895.683/0001-16;2013-01-01;1;28130;PNA;Preferencial Classe A;0;0.000000
33.040.601/0001-87;2013-01-01;13;38080;PNA;Preferencial Classe A;0;0.000000
33.041.260/0652-90;2013-01-01;16;38002;PNA;Preferencial Classe A;0;0.000000
33.050.196/0001-88;2013-01-01;3;36815;PNA;Preferencial Classe A;7515616;4.950000
33.050.196/0001-88;2013-01-01;3;36815;PNB;Preferencial Classe B;56901884;37.490000
33.050.196/0001-88;2013-01-01;3;36815;PNC;Preferencial Classe C;87345056;57.550000
33.102.476/0001-92;2013-01-01;2;29714;PNA;Preferencial Classe A;0;0.000000
33.200.049/0001-47;2013-01-01;4;36533;PNA;Preferencial Classe A;23695147;30.014773
33.228.024/0001-51;2013-01-01;8;37094;PNA;Preferencial Classe A;0;0.000000
33.352.394/0001-04;2013-01-01;7;36943;PNA;Preferencial Classe A;0;0.000000
33.386.210/0001-19;2013-01-01;3;37150;PNA;Preferencial Classe A;314828;36.779000
33.386.210/0001-19;2013-01-01;3;37150;PNB;Preferencial Classe B;577520;67.467300
33.412.081/0001-96;2013-01-01;1;31940;PNA;Preferencial Classe A;0;0.000000
33.541.368/0001-16;2013-01-01;7;36812;PNA;Preferencial Classe A;0;0.000000
33.592.510/0001-54;2013-01-01;11;36516;PNA;Preferencial Classe A;1878758554;89.100000
33.611.500/0001-19;2013-01-01;10;38033;PNA;Preferencial Classe A;0;0.000000
33.858.168/0001-91;2013-01-01;1;28973;PNA;Preferencial Classe A;41547983;20.770000
33.858.168/0001-91;2013-01-01;1;28973;PNB;Preferencial Classe B;5000000;2.500000
33.858.168/0001-91;2013-01-01;1;28973;PNC;Preferencial Classe C;32220187;16.110000
33.958.695/0001-78;2013-01-01;18;37913;PNA;Preferencial Classe A;21857599;84.369117
33.958.695/0001-78;2013-01-01;18;37913;PNB;Preferencial Classe B;429389120;80.849887
34.169.557/0001-72;2013-01-01;3;36810;PNA;Preferencial Classe A;0;0.000000
34.265.561/0001-34;2013-01-01;1;28290;PNA;Preferencial Classe A;0;0.000000
42.150.391/0001-70;2013-01-01;12;36301;PNA;Preferencial Classe A;264588096;53.940800
42.150.391/0001-70;2013-01-01;12;36301;PNB;Preferencial Classe B;593818;0.121000
42.278.291/0001-24;2013-01-01;10;38098;PNA;Preferencial Classe A;0;0.000000
42.331.462/0001-31;2013-01-01;7;36410;PNN;Preferencial Classe N;37904575;37.993500
45.987.245/0001-92;2013-01-01;4;34458;PNA;Preferencial Classe A;0;0.000000
47.509.120/0001-82;2013-01-01;3;37243;PNA;Preferencial Classe A;0;0.000000
49.263.189/0001-02;2013-01-01;2;33166;PNA;Preferencial Classe A;0;0.000000
50.564.053/0001-03;2013-01-01;10;37279;PNA;Preferencial Classe A;26113812;76.660000
50.746.577/0001-15;2013-03-31;6;31180;PNA;Preferencial Classe A;0;0.000000
50.746.577/0001-15;2013-04-01;6;36663;PNA;Preferencial Classe A;0;0.000000
51.218.147/0001-93;2013-01-01;13;37107;PNA;Preferencial Classe A;0;0.000000
51.928.174/0001-50;2013-01-01;6;36831;PNA;Preferencial Classe A;0;0.000000
53.790.218/0001-53;2013-01-01;5;37132;PNA;Preferencial Classe A;0;0.000000
56.992.423/0001-90;2013-01-01;2;36834;PNA;Preferencial Classe A;0;0.000000
56.994.924/0001-05;2013-01-01;5;33988;PNA;Preferencial Classe A;52777900;0.070000
56.994.924/0001-05;2013-01-01;5;33988;PNB;Preferencial Classe B;10608639650;14.650000
58.119.199/0001-51;2013-01-01;13;36942;PNA;Preferencial Classe A;0;0.000000
59.105.999/0001-86;2013-01-01;6;31498;PNA;Preferencial Classe A;0;0.000000
59.789.545/0001-71;2013-01-01;4;38166;PNA;Preferencial Classe A;0;0.000000
60.476.884/0001-87;2013-01-01;3;36469;PNA;Preferencial Classe A;0;0.000000
60.637.238/0001-54;2013-01-01;6;37391;PNA;Preferencial Classe A;9291174;66.665881
60.643.228/0001-21;2013-01-01;8;33363;PNA;Preferencial Classe A;0;0.000000
60.730.348/0001-66;2013-01-01;2;32189;PNA;Preferencial Classe A;0;0.000000
60.770.336/0001-65;2013-01-01;4;36712;PNA;Preferencial Classe A;14504018;39.982966
60.851.615/0001-53;2013-01-01;5;30125;PNA;Preferencial Classe A;977179;79.381426
60.894.730/0001-05;2013-01-01;10;37144;PNA;Preferencial Classe A;481069318;94.620000
60.894.730/0001-05;2013-01-01;10;37144;PNB;Preferencial Classe B;85794;100.000000
60.933.603/0001-78;2013-01-01;11;37805;PNA;Preferencial Classe A;7702725;99.999987
60.933.603/0001-78;2013-01-01;11;37805;PNB;Preferencial Classe B;181698918;86.263522
61.079.117/0001-05;2013-01-01;7;36880;PNA;Preferencial Classe A;0;0.000000
61.082.004/0001-50;2013-01-01;5;37417;PNA;Preferencial Classe A;0;0.000000
61.084.984/0001-20;2013-01-01;2;31497;PNA;Preferencial Classe A;0;0.000000
61.088.894/0001-08;2013-01-01;7;37957;PNA;Preferencial Classe A;0;0.000000
61.156.113/0001-75;2013-01-01;23;34222;PNA;Preferencial Classe A;0;0.000000
61.351.532/0001-68;2013-01-01;2;37229;PNA;Preferencial Classe A;0;0.000000
61.410.395/0001-95;2013-01-01;8;36383;PNA;Preferencial Classe A;0;0.000000
61.486.650/0001-83;2013-01-01;15;37430;PNA;Preferencial Classe A;0;0.000000
61.856.571/0001-17;2013-01-01;22;38476;PNA;Preferencial Classe A;22262838;85.917431
62.002.886/0001-60;2013-01-01;16;38238;PNA;Preferencial Classe A;37872;0.000000
62.002.886/0001-60;2013-01-01;16;38238;PNB;Preferencial Classe B;58820;0.000000
62.232.889/0001-90;2013-01-01;19;37166;PNA;Preferencial Classe A;0;0.000000
65.654.303/0001-73;2013-01-01;5;37253;PNA;Preferencial Classe A;0;0.000000
71.208.516/0001-74;2013-01-01;8;37406;PNA;Preferencial Classe A;0;0.000000
71.476.527/0001-35;2013-01-01;6;36273;PNA;Preferencial Classe A;0;0.000000
74.409.467/0001-26;2013-01-01;3;32668;PNA;Preferencial Classe A;0;0.000000
76.483.817/0001-20;2013-01-01;10;36674;PNA;Preferencial Classe A;381702;100.000000
76.483.817/0001-20;2013-01-01;10;36674;PNB;Preferencial Classe B;100946948;78.715617
76.484.013/0001-45;2013-01-01;14;34199;PNA;Preferencial Classe A;0;0.000000
76.500.180/0001-32;2013-01-01;13;35135;PNA;Preferencial Classe A;0;0.000000
76.627.504/0001-06;2013-01-01;6;37823;PNA;Preferencial Classe A;0;0.000000
78.588.415/0001-15;2013-01-01;5;38233;PNA;Preferencial Classe A;3077380;18.500000
81.243.735/0001-48;2013-01-01;8;36572;PNA;Preferencial Classe A;0;0.000000
82.373.077/0001-71;2013-01-01;8;36358;PNA;Preferencial Classe A;0;0.000000
82.508.433/0001-17;2013-01-01;3;36173;PNA;Preferencial Classe A;0;0.000000
82.636.986/0001-55;2013-01-01;3;34052;PNA;Preferencial Classe A;33524045;100.000000
82.640.632/0001-84;2013-01-01;2;37418;PNA;Preferencial Classe A;0;0.000000
82.641.325/0001-18;2013-01-01;35;36521;PNA;Preferencial Classe A;0;0.000000
82.643.537/0001-34;2013-01-01;8;32148;PNA;Preferencial Classe A;1275000;56.666667
82.981.929/0001-03;2013-01-01;1;31245;PNA;Preferencial Classe A;0;0.000000
84.208.123/0001-02;2013-01-01;1;38120;PNA;Preferencial Classe A;30006942;17.130000
84.683.374/0001-49;2013-01-01;14;36475;PNA;Preferencial Classe A;0;0.000000
84.683.408/0001-03;2013-01-01;2;36850;PNA;Preferencial Classe A;0;0.000000
84.683.762/0001-20;2013-01-01;3;34805;PNA;Preferencial Classe A;0;0.000000
84.693.183/0001-68;2013-01-01;3;36041;PNU;Preferencial Classe U;25555970;69.919339
85.041.333/0001-11;2013-01-01;1;26655;PNA;Preferencial Classe A;0;0.000000
86.375.425/0001-09;2013-01-01;3;31834;PNA;Preferencial Classe A;0;0.000000
87.043.832/0001-73;2013-01-01;2;36747;PNA;Preferencial Classe A;0;0.000000
87.762.563/0001-03;2013-01-01;2;33573;PNA;Preferencial Classe A;3825370;64.290000
88.613.658/0001-10;2013-06-30;4;32139;PNA;Preferencial Classe A;31567016;100.000000
89.547.269/0001-04;2013-01-01;1;26112;PNA;Preferencial Classe A;2911;45.200000
89.723.993/0001-33;2013-01-01;5;32119;PNA;Preferencial Classe A;0;0.000000
90.076.886/0001-40;2013-01-01;2;36315;PNA;Preferencial Classe A;0;0.000000
90.400.888/0001-42;2013-01-01;17;37292;PNA;Preferencial Classe A;0;0.000000
91.820.068/0001-72;2013-01-01;2;36326;PNA;Preferencial Classe A;2012320;16.870000
92.012.467/0001-70;2013-01-01;5;32685;PNA;Preferencial Classe A;0;0.000000
92.660.570/0001-26;2013-01-01;2;36648;PNA;Preferencial Classe A;0;0.000000
92.693.019/0001-89;2013-01-01;9;38070;PNA;Preferencial Classe A;0;0.000000
92.702.067/0001-96;2013-01-01;21;36839;PNA;Preferencial Classe A;808961;0.197802
92.702.067/0001-96;2013-01-01;21;36839;PNB;Preferencial Classe B;174313574;42.622115
92.715.812/0001-31;2013-01-01;9;36980;PNA;Preferencial Classe A;0;0.000000
92.721.232/0001-57;2013-01-01;3;32421;PNA;Preferencial Classe A;0;0.000000
92.802.784/0001-90;2013-01-01;5;36646;PNA;Preferencial Classe A;0;0.000000
92.825.900/0001-96;2013-01-01;4;34031;PNA;Preferencial Classe A;0;0.000000
92.859.974/0001-43;2013-01-01;3;36996;PNA;Preferencial Classe A;0;0.000000
92.929.520/0001-00;2013-01-01;1;28197;PNA;Preferencial Classe A;12086250;47.180000
92.929.520/0001-00;2013-01-01;1;28197;PNB;Preferencial Classe B;2211750;34.540000
97.191.902/0001-94;2013-01-01;3;36174;PNA;Preferencial Classe A;1428517;12.656000
